1.481170048072000000e+12,-6.959546823054552078e-03,-1.067130491137504578e-01,-1.092866361141204834e-01,6.400000000000000000e+01,4.238434731960296631e+01,-7.253066003322601318e+01,1.000000000000000000e+00
1.481170048130000000e+12,-2.464748173952102661e-02,-3.639485239982604980e-01,-3.700321316719055176e-01,6.400000000000000000e+01,4.238434731960296631e+01,-7.253066003322601318e+01,1.000000000000000000e+00
1.481170048130000000e+12,-4.085654392838478088e-02,-5.749122500419616699e-01,-5.802464485168457031e-01,6.400000000000000000e+01,4.238434731960296631e+01,-7.253066003322601318e+01,1.000000000000000000e+00
1.481170048135000000e+12,-4.885300621390342712e-02,-6.588124036788940430e-01,-6.621024012565612793e-01,6.400000000000000000e+01,4.238434731960296631e+01,-7.253066003322601318e+01,1.000000000000000000e+00
1.481170048139000000e+12,-5.268047749996185303e-02,-6.908196806907653809e-01,-6.940044760704040527e-01,6.400000000000000000e+01,4.238434731960296631e+01,-7.253066003322601318e+01,1.000000000000000000e+00
1.481170048152000000e+12,-5.481484904885292053e-02,-7.023323178291320801e-01,-7.047494053840637207e-01,6.400000000000000000e+01,4.238434731960296631e+01,-7.253066003322601318e+01,1.000000000000000000e+00
1.481170048190000000e+12,-5.586289614439010620e-02,-7.064278125762939453e-01,-7.041109204292297363e-01,6.400000000000000000e+01,4.238434731960296631e+01,-7.253066003322601318e+01,1.000000000000000000e+00
1.481170048191000000e+12,-5.574481189250946045e-02,-7.088160514831542969e-01,-6.978707909584045410e-01,6.400000000000000000e+01,4.238434731960296631e+01,-7.253066003322601318e+01,1.000000000000000000e+00
1.481170048199000000e+12,-5.486316233873367310e-02,-7.126132845878601074e-01,-6.934516429901123047e-01,6.400000000000000000e+01,4.238434731960296631e+01,-7.253066003322601318e+01,1.000000000000000000e+00
1.481170048249000000e+12,-5.370765924453735352e-02,-7.161127924919128418e-01,-6.953179836273193359e-01,6.400000000000000000e+01,4.238434731960296631e+01,-7.253066003322601318e+01,1.000000000000000000e+00
1.481170048257000000e+12,-5.283966287970542908e-02,-7.172077298164367676e-01,-7.018393278121948242e-01,6.400000000000000000e+01,4.238434731960296631e+01,-7.253066003322601318e+01,1.000000000000000000e+00
1.481170048257000000e+12,-5.259589478373527527e-02,-7.188486456871032715e-01,-7.078587412834167480e-01,6.400000000000000000e+01,4.238434731960296631e+01,-7.253066003322601318e+01,1.000000000000000000e+00
1.481170048309000000e+12,-5.260564014315605164e-02,-7.212911248207092285e-01,-7.088534832000732422e-01,6.400000000000000000e+01,4.238434731960296631e+01,-7.253066003322601318e+01,1.000000000000000000e+00
1.481170048317000000e+12,-5.337079986929893494e-02,-7.209782004356384277e-01,-7.054151892662048340e-01,6.400000000000000000e+01,4.238434731960296631e+01,-7.253066003322601318e+01,1.000000000000000000e+00
1.481170048317000000e+12,-5.509520322084426880e-02,-7.185674905776977539e-01,-7.022064328193664551e-01,6.400000000000000000e+01,4.238434731960296631e+01,-7.253066003322601318e+01,1.000000000000000000e+00
1.481170048332000000e+12,-5.677419900894165039e-02,-7.168272137641906738e-01,-7.021357417106628418e-01,6.400000000000000000e+01,4.238434731960296631e+01,-7.253066003322601318e+01,1.000000000000000000e+00
1.481170048370000000e+12,-5.821727216243743896e-02,-7.147793173789978027e-01,-7.044268846511840820e-01,6.400000000000000000e+01,4.238434731960296631e+01,-7.253066003322601318e+01,1.000000000000000000e+00
1.481170048370000000e+12,-5.909331142902374268e-02,-7.124252319335937500e-01,-7.069522738456726074e-01,6.400000000000000000e+01,4.238434731960296631e+01,-7.253066003322601318e+01,1.000000000000000000e+00
1.481170048379000000e+12,-5.872413516044616699e-02,-7.121579051017761230e-01,-7.079778313636779785e-01,6.400000000000000000e+01,4.238434731960296631e+01,-7.253066003322601318e+01,1.000000000000000000e+00
1.481170048435000000e+12,-5.795799568295478821e-02,-7.125930786132812500e-01,-7.071982026100158691e-01,6.400000000000000000e+01,4.238434731960296631e+01,-7.253066003322601318e+01,1.000000000000000000e+00
1.481170048435000000e+12,-5.793683603405952454e-02,-7.114286422729492188e-01,-7.056853771209716797e-01,6.400000000000000000e+01,4.238434731960296631e+01,-7.253066003322601318e+01,1.000000000000000000e+00
1.481170048452000000e+12,-5.839946120977401733e-02,-7.096508145332336426e-01,-7.052159905433654785e-01,6.400000000000000000e+01,4.238434731960296631e+01,-7.253066003322601318e+01,1.000000000000000000e+00
1.481170048457000000e+12,-5.880482494831085205e-02,-7.088925242424011230e-01,-7.066202759742736816e-01,6.400000000000000000e+01,4.238434731960296631e+01,-7.253066003322601318e+01,1.000000000000000000e+00
1.481170048460000000e+12,-5.896945297718048096e-02,-7.090196013450622559e-01,-7.079880237579345703e-01,6.400000000000000000e+01,4.238434731960296631e+01,-7.253066003322601318e+01,1.000000000000000000e+00
1.481170048494000000e+12,-5.954377725720405579e-02,-7.083461880683898926e-01,-7.082535028457641602e-01,6.400000000000000000e+01,4.238434731960296631e+01,-7.253066003322601318e+01,1.000000000000000000e+00
1.481170048499000000e+12,-6.177064403891563416e-02,-7.058616280555725098e-01,-7.080351114273071289e-01,6.400000000000000000e+01,4.238434731960296631e+01,-7.253066003322601318e+01,1.000000000000000000e+00
1.481170048503000000e+12,-6.557482481002807617e-02,-7.015902996063232422e-01,-7.077651619911193848e-01,6.400000000000000000e+01,4.238434731960296631e+01,-7.253066003322601318e+01,1.000000000000000000e+00
1.481170048506000000e+12,-6.994709372520446777e-02,-6.972095966339111328e-01,-7.075467705726623535e-01,6.400000000000000000e+01,4.238434731960296631e+01,-7.253066003322601318e+01,1.000000000000000000e+00
1.481170048555000000e+12,-7.320889830589294434e-02,-6.959016919136047363e-01,-7.085818052291870117e-01,6.400000000000000000e+01,4.238434731960296631e+01,-7.253066003322601318e+01,1.000000000000000000e+00
1.481170048558000000e+12,-7.232248038053512573e-02,-6.994302868843078613e-01,-7.122281789779663086e-01,6.400000000000000000e+01,4.238434731960296631e+01,-7.253066003322601318e+01,1.000000000000000000e+00
1.481170048561000000e+12,-6.580038368701934814e-02,-7.054305076599121094e-01,-7.171887755393981934e-01,6.400000000000000000e+01,4.238434731960296631e+01,-7.253066003322601318e+01,1.000000000000000000e+00
1.481170048566000000e+12,-5.463344976305961609e-02,-7.105858922004699707e-01,-7.231181263923645020e-01,6.400000000000000000e+01,4.238434731960296631e+01,-7.253066003322601318e+01,1.000000000000000000e+00
1.481170048616000000e+12,-4.248634353280067444e-02,-7.147094607353210449e-01,-7.290059328079223633e-01,6.400000000000000000e+01,4.238434731960296631e+01,-7.253066003322601318e+01,1.000000000000000000e+00
1.481170048621000000e+12,-3.378342092037200928e-02,-7.179790139198303223e-01,-7.295846939086914062e-01,6.400000000000000000e+01,4.238434731960296631e+01,-7.253066003322601318e+01,1.000000000000000000e+00
1.481170048623000000e+12,-2.821913361549377441e-02,-7.198505401611328125e-01,-7.229326963424682617e-01,6.400000000000000000e+01,4.238434731960296631e+01,-7.253066003322601318e+01,1.000000000000000000e+00
1.481170048678000000e+12,-2.443697117269039154e-02,-7.210818529129028320e-01,-7.146127820014953613e-01,6.400000000000000000e+01,4.238434731960296631e+01,-7.253066003322601318e+01,1.000000000000000000e+00
1.481170048681000000e+12,-2.391589991748332977e-02,-7.208569049835205078e-01,-7.091315984725952148e-01,6.400000000000000000e+01,4.238434731960296631e+01,-7.253066003322601318e+01,1.000000000000000000e+00
1.481170048685000000e+12,-2.685782685875892639e-02,-7.180832624435424805e-01,-7.071955204010009766e-01,6.400000000000000000e+01,4.238434731960296631e+01,-7.253066003322601318e+01,1.000000000000000000e+00
1.481170048688000000e+12,-3.037244826555252075e-02,-7.151806950569152832e-01,-7.066267728805541992e-01,6.400000000000000000e+01,4.238434731960296631e+01,-7.253066003322601318e+01,1.000000000000000000e+00
1.481170048739000000e+12,-3.343094512820243835e-02,-7.132769227027893066e-01,-7.043296098709106445e-01,6.400000000000000000e+01,4.238434731960296631e+01,-7.253066003322601318e+01,1.000000000000000000e+00
1.481170048742000000e+12,-3.771786019206047058e-02,-7.114888429641723633e-01,-7.020193338394165039e-01,6.400000000000000000e+01,4.238434731960296631e+01,-7.253066003322601318e+01,1.000000000000000000e+00
1.481170048746000000e+12,-4.206868633627891541e-02,-7.106902003288269043e-01,-7.016248106956481934e-01,6.400000000000000000e+01,4.238434731960296631e+01,-7.253066003322601318e+01,1.000000000000000000e+00
1.481170048750000000e+12,-4.456058889627456665e-02,-7.117432355880737305e-01,-7.021895051002502441e-01,6.400000000000000000e+01,4.238434731960296631e+01,-7.253066003322601318e+01,1.000000000000000000e+00
1.481170048800000000e+12,-4.640629515051841736e-02,-7.122071981430053711e-01,-7.058624029159545898e-01,6.400000000000000000e+01,4.238434731960296631e+01,-7.253066003322601318e+01,1.000000000000000000e+00
1.481170048800000000e+12,-4.806206002831459045e-02,-7.101844549179077148e-01,-7.137335538864135742e-01,6.400000000000000000e+01,4.238434731960296631e+01,-7.253066003322601318e+01,1.000000000000000000e+00
1.481170048806000000e+12,-4.877074435353279114e-02,-7.066807150840759277e-01,-7.217873930931091309e-01,6.400000000000000000e+01,4.238434731960296631e+01,-7.253066003322601318e+01,1.000000000000000000e+00
1.481170048861000000e+12,-4.851483926177024841e-02,-7.030828595161437988e-01,-7.268343567848205566e-01,6.400000000000000000e+01,4.238434731960296631e+01,-7.253066003322601318e+01,1.000000000000000000e+00
1.481170048861000000e+12,-4.717849195003509521e-02,-7.009330391883850098e-01,-7.278690934181213379e-01,6.400000000000000000e+01,4.238434731960296631e+01,-7.253066003322601318e+01,1.000000000000000000e+00
1.481170048869000000e+12,-4.580208286643028259e-02,-6.999874711036682129e-01,-7.262231707572937012e-01,6.400000000000000000e+01,4.238434731960296631e+01,-7.253066003322601318e+01,1.000000000000000000e+00
1.481170048872000000e+12,-4.542433470487594604e-02,-6.998571753501892090e-01,-7.225099802017211914e-01,6.400000000000000000e+01,4.238434731960296631e+01,-7.253066003322601318e+01,1.000000000000000000e+00
1.481170048872000000e+12,-4.566964879631996155e-02,-7.008554339408874512e-01,-7.172684073448181152e-01,6.400000000000000000e+01,4.238434731960296631e+01,-7.253066003322601318e+01,1.000000000000000000e+00
1.481170048888000000e+12,-4.598676040768623352e-02,-7.020220756530761719e-01,-7.142335772514343262e-01,6.400000000000000000e+01,4.238434731960296631e+01,-7.253066003322601318e+01,1.000000000000000000e+00
1.481170048922000000e+12,-4.600680246949195862e-02,-7.026045918464660645e-01,-7.151396274566650391e-01,6.400000000000000000e+01,4.238434731960296631e+01,-7.253066003322601318e+01,1.000000000000000000e+00
1.481170048922000000e+12,-4.568871110677719116e-02,-7.023699283599853516e-01,-7.178274989128112793e-01,6.400000000000000000e+01,4.238434731960296631e+01,-7.253066003322601318e+01,1.000000000000000000e+00
1.481170048930000000e+12,-4.505206272006034851e-02,-7.018034458160400391e-01,-7.190278172492980957e-01,6.400000000000000000e+01,4.238434731960296631e+01,-7.253066003322601318e+01,1.000000000000000000e+00
1.481170048985000000e+12,-4.381482303142547607e-02,-7.014283537864685059e-01,-7.158905267715454102e-01,6.400000000000000000e+01,4.238434731960296631e+01,-7.253066003322601318e+01,1.000000000000000000e+00
1.481170048989000000e+12,-4.240616410970687866e-02,-7.006598114967346191e-01,-7.084543108940124512e-01,6.400000000000000000e+01,4.238434731960296631e+01,-7.253066003322601318e+01,1.000000000000000000e+00
1.481170048992000000e+12,-4.208781570196151733e-02,-6.989703178405761719e-01,-7.033681869506835938e-01,6.400000000000000000e+01,4.238434731960296631e+01,-7.253066003322601318e+01,1.000000000000000000e+00
1.481170049005000000e+12,-4.275597631931304932e-02,-6.965442895889282227e-01,-7.075009942054748535e-01,6.400000000000000000e+01,4.238434731960296631e+01,-7.253066003322601318e+01,1.000000000000000000e+00
1.481170049013000000e+12,-4.273734986782073975e-02,-6.943265795707702637e-01,-7.161751985549926758e-01,6.400000000000000000e+01,4.238434731960296631e+01,-7.253066003322601318e+01,1.000000000000000000e+00
1.481170049046000000e+12,-4.171485081315040588e-02,-6.919035315513610840e-01,-7.202416658401489258e-01,6.400000000000000000e+01,4.238434731960296631e+01,-7.253066003322601318e+01,1.000000000000000000e+00
1.481170049049000000e+12,-4.032090678811073303e-02,-6.872222423553466797e-01,-7.221468687057495117e-01,6.400000000000000000e+01,4.238434731960296631e+01,-7.253066003322601318e+01,1.000000000000000000e+00
1.481170049071000000e+12,-3.616628423333168030e-02,-6.823850274085998535e-01,-7.298439145088195801e-01,6.400000000000000000e+01,4.238434731960296631e+01,-7.253066003322601318e+01,1.000000000000000000e+00
1.481170049108000000e+12,-3.147045895457267761e-02,-6.937234401702880859e-01,-7.441703081130981445e-01,6.400000000000000000e+01,4.238434731960296631e+01,-7.253066003322601318e+01,1.000000000000000000e+00
1.481170049112000000e+12,-3.162951394915580750e-02,-7.289574146270751953e-01,-7.603191137313842773e-01,6.400000000000000000e+01,4.238434731960296631e+01,-7.253066003322601318e+01,1.000000000000000000e+00
1.481170049116000000e+12,-3.437643498182296753e-02,-7.687487006187438965e-01,-7.728220820426940918e-01,6.400000000000000000e+01,4.238434731960296631e+01,-7.253066003322601318e+01,1.000000000000000000e+00
1.481170049135000000e+12,-4.455392062664031982e-02,-8.184377551078796387e-01,-7.801833748817443848e-01,6.400000000000000000e+01,4.238434731960296631e+01,-7.253066003322601318e+01,1.000000000000000000e+00
1.481170049169000000e+12,-7.590916752815246582e-02,-9.162960648536682129e-01,-7.852390408515930176e-01,6.400000000000000000e+01,4.238434731960296631e+01,-7.253066003322601318e+01,1.000000000000000000e+00
1.481170049171000000e+12,-1.242020502686500549e-01,-1.029330849647521973e+00,-7.934543490409851074e-01,6.400000000000000000e+01,4.238434731960296631e+01,-7.253066003322601318e+01,1.000000000000000000e+00
1.481170049180000000e+12,-1.739002317190170288e-01,-1.052545428276062012e+00,-8.116160035133361816e-01,6.400000000000000000e+01,4.238434731960296631e+01,-7.253066003322601318e+01,1.000000000000000000e+00
1.481170049234000000e+12,-2.101413011550903320e-01,-9.768275618553161621e-01,-8.326571583747863770e-01,6.400000000000000000e+01,4.238434731960296631e+01,-7.253066003322601318e+01,1.000000000000000000e+00
1.481170049240000000e+12,-2.225033789873123169e-01,-8.905094861984252930e-01,-8.374688625335693359e-01,6.400000000000000000e+01,4.238434731960296631e+01,-7.253066003322601318e+01,1.000000000000000000e+00
1.481170049260000000e+12,-2.287200093269348145e-01,-8.331255912780761719e-01,-8.197405338287353516e-01,6.400000000000000000e+01,4.238434731960296631e+01,-7.253066003322601318e+01,1.000000000000000000e+00
1.481170049292000000e+12,-2.469761818647384644e-01,-7.870211601257324219e-01,-7.869861125946044922e-01,6.400000000000000000e+01,4.238434731960296631e+01,-7.253066003322601318e+01,1.000000000000000000e+00
1.481170049292000000e+12,-2.668595314025878906e-01,-7.404228448867797852e-01,-7.524790763854980469e-01,6.400000000000000000e+01,4.238434731960296631e+01,-7.253066003322601318e+01,1.000000000000000000e+00
1.481170049310000000e+12,-2.787043154239654541e-01,-7.022146582603454590e-01,-7.291857004165649414e-01,6.400000000000000000e+01,4.238434731960296631e+01,-7.253066003322601318e+01,1.000000000000000000e+00
1.481170049318000000e+12,-2.825360000133514404e-01,-6.707485914230346680e-01,-7.214657664299011230e-01,6.400000000000000000e+01,4.238434731960296631e+01,-7.253066003322601318e+01,1.000000000000000000e+00
1.481170049318000000e+12,-2.789086997509002686e-01,-6.325238347053527832e-01,-7.216290235519409180e-01,6.400000000000000000e+01,4.238434731960296631e+01,-7.253066003322601318e+01,1.000000000000000000e+00
1.481170049356000000e+12,-2.727234065532684326e-01,-5.843046903610229492e-01,-7.126697301864624023e-01,6.400000000000000000e+01,4.238434731960296631e+01,-7.253066003322601318e+01,1.000000000000000000e+00
1.481170049361000000e+12,-2.674566209316253662e-01,-5.289818048477172852e-01,-6.835852861404418945e-01,6.400000000000000000e+01,4.238434731960296631e+01,-7.253066003322601318e+01,1.000000000000000000e+00
1.481170049361000000e+12,-2.629978060722351074e-01,-4.806695580482482910e-01,-6.433916687965393066e-01,6.400000000000000000e+01,4.238434731960296631e+01,-7.253066003322601318e+01,1.000000000000000000e+00
1.481170049373000000e+12,-2.581784725189208984e-01,-4.448826313018798828e-01,-6.063346862792968750e-01,6.400000000000000000e+01,4.238434731960296631e+01,-7.253066003322601318e+01,1.000000000000000000e+00
1.481170049415000000e+12,-2.471593320369720459e-01,-4.267966151237487793e-01,-5.781634449958801270e-01,6.400000000000000000e+01,4.238434731960296631e+01,-7.253066003322601318e+01,1.000000000000000000e+00
1.481170049415000000e+12,-2.276052385568618774e-01,-4.412001371383666992e-01,-5.632066130638122559e-01,6.400000000000000000e+01,4.238434731960296631e+01,-7.253066003322601318e+01,1.000000000000000000e+00
1.481170049426000000e+12,-2.034250050783157349e-01,-4.830798208713531494e-01,-5.542687773704528809e-01,6.400000000000000000e+01,4.238434731960296631e+01,-7.253066003322601318e+01,1.000000000000000000e+00
1.481170049476000000e+12,-1.775835156440734863e-01,-5.500009655952453613e-01,-5.325513482093811035e-01,6.400000000000000000e+01,4.238434731960296631e+01,-7.253066003322601318e+01,1.000000000000000000e+00
1.481170049476000000e+12,-1.537496596574783325e-01,-6.319490671157836914e-01,-4.994456171989440918e-01,6.400000000000000000e+01,4.238434731960296631e+01,-7.253066003322601318e+01,1.000000000000000000e+00
1.481170049487000000e+12,-1.342109292745590210e-01,-7.107567191123962402e-01,-4.736765623092651367e-01,6.400000000000000000e+01,4.238434731960296631e+01,-7.253066003322601318e+01,1.000000000000000000e+00
1.481170049492000000e+12,-1.195338293910026550e-01,-7.697302699089050293e-01,-4.536418914794921875e-01,6.400000000000000000e+01,4.238434731960296631e+01,-7.253066003322601318e+01,0.000000000000000000e+00
1.481170049501000000e+12,-1.114708259701728821e-01,-7.844011187553405762e-01,-4.309338629245758057e-01,6.400000000000000000e+01,4.238434731960296631e+01,-7.253066003322601318e+01,0.000000000000000000e+00
1.481170049539000000e+12,-1.056951954960823059e-01,-7.860457301139831543e-01,-4.069589376449584961e-01,6.400000000000000000e+01,4.238434731960296631e+01,-7.253066003322601318e+01,0.000000000000000000e+00
1.481170049542000000e+12,-1.054882183670997620e-01,-8.237587213516235352e-01,-3.800408840179443359e-01,6.400000000000000000e+01,4.238434731960296631e+01,-7.253066003322601318e+01,0.000000000000000000e+00
1.481170049545000000e+12,-1.235642284154891968e-01,-8.796358108520507812e-01,-3.594670891761779785e-01,6.400000000000000000e+01,4.238434731960296631e+01,-7.253066003322601318e+01,0.000000000000000000e+00
1.481170049562000000e+12,-1.621144562959671021e-01,-9.085631370544433594e-01,-3.539389967918395996e-01,6.400000000000000000e+01,4.238434731960296631e+01,-7.253066003322601318e+01,0.000000000000000000e+00
1.481170049599000000e+12,-2.124594151973724365e-01,-9.015710353851318359e-01,-3.386448025703430176e-01,6.400000000000000000e+01,4.238434731960296631e+01,-7.253066003322601318e+01,0.000000000000000000e+00
1.481170049603000000e+12,-2.562126815319061279e-01,-8.885095715522766113e-01,-2.957509160041809082e-01,6.400000000000000000e+01,4.238434731960296631e+01,-7.253066003322601318e+01,0.000000000000000000e+00
1.481170049618000000e+12,-2.836960554122924805e-01,-8.846186995506286621e-01,-2.682540714740753174e-01,6.400000000000000000e+01,4.238434731960296631e+01,-7.253066003322601318e+01,0.000000000000000000e+00
1.481170049660000000e+12,-2.950387895107269287e-01,-8.801025152206420898e-01,-3.069638311862945557e-01,6.400000000000000000e+01,4.238434731960296631e+01,-7.253066003322601318e+01,0.000000000000000000e+00
1.481170049663000000e+12,-2.896047234535217285e-01,-8.720337748527526855e-01,-3.890902698040008545e-01,6.400000000000000000e+01,4.238434731960296631e+01,-7.253066003322601318e+01,0.000000000000000000e+00
1.481170049683000000e+12,-2.783721685409545898e-01,-8.745203018188476562e-01,-4.562986493110656738e-01,6.400000000000000000e+01,4.238434731960296631e+01,-7.253066003322601318e+01,0.000000000000000000e+00
1.481170049685000000e+12,-2.735204398632049561e-01,-9.020996689796447754e-01,-4.801859557628631592e-01,6.400000000000000000e+01,4.238434731960296631e+01,-7.253066003322601318e+01,0.000000000000000000e+00
1.481170049722000000e+12,-2.752473056316375732e-01,-9.477354288101196289e-01,-4.623750746250152588e-01,6.400000000000000000e+01,4.238434731960296631e+01,-7.253066003322601318e+01,0.000000000000000000e+00
1.481170049725000000e+12,-2.761298716068267822e-01,-9.919685125350952148e-01,-4.340456128120422363e-01,6.400000000000000000e+01,4.238434731960296631e+01,-7.253066003322601318e+01,0.000000000000000000e+00
1.481170049730000000e+12,-2.656502425670623779e-01,-1.016021966934204102e+00,-4.206556081771850586e-01,6.400000000000000000e+01,4.238434731960296631e+01,-7.253066003322601318e+01,0.000000000000000000e+00
1.481170049750000000e+12,-2.427267432212829590e-01,-1.021948337554931641e+00,-4.195674061775207520e-01,6.400000000000000000e+01,4.238434731960296631e+01,-7.253066003322601318e+01,0.000000000000000000e+00
1.481170049783000000e+12,-2.149670422077178955e-01,-1.017576813697814941e+00,-4.231489598751068115e-01,6.400000000000000000e+01,4.238434731960296631e+01,-7.253066003322601318e+01,0.000000000000000000e+00
1.481170049785000000e+12,-1.894117295742034912e-01,-9.923492074012756348e-01,-4.119530618190765381e-01,6.400000000000000000e+01,4.238434731960296631e+01,-7.253066003322601318e+01,0.000000000000000000e+00
1.481170049785000000e+12,-1.779095679521560669e-01,-9.591228365898132324e-01,-3.739496171474456787e-01,6.400000000000000000e+01,4.238434731960296631e+01,-7.253066003322601318e+01,0.000000000000000000e+00
1.481170049811000000e+12,-1.825177222490310669e-01,-9.375820159912109375e-01,-3.361146748065948486e-01,6.400000000000000000e+01,4.238434731960296631e+01,-7.253066003322601318e+01,0.000000000000000000e+00
1.481170049844000000e+12,-1.903337836265563965e-01,-9.251366257667541504e-01,-3.282887041568756104e-01,6.400000000000000000e+01,4.238434731960296631e+01,-7.253066003322601318e+01,0.000000000000000000e+00
1.481170049844000000e+12,-1.916231662034988403e-01,-9.198648333549499512e-01,-3.473302423954010010e-01,6.400000000000000000e+01,4.238434731960296631e+01,-7.253066003322601318e+01,0.000000000000000000e+00
1.481170049866000000e+12,-1.865284144878387451e-01,-9.256983399391174316e-01,-3.734046518802642822e-01,6.400000000000000000e+01,4.238434731960296631e+01,-7.253066003322601318e+01,0.000000000000000000e+00
1.481170049906000000e+12,-1.829006969928741455e-01,-9.468799233436584473e-01,-3.935995995998382568e-01,6.400000000000000000e+01,4.238434731960296631e+01,-7.253066003322601318e+01,0.000000000000000000e+00
1.481170049906000000e+12,-1.870820373296737671e-01,-9.715036749839782715e-01,-4.046284556388854980e-01,6.400000000000000000e+01,4.238434731960296631e+01,-7.253066003322601318e+01,0.000000000000000000e+00
1.481170049914000000e+12,-1.956309676170349121e-01,-9.782777428627014160e-01,-4.077300727367401123e-01,6.400000000000000000e+01,4.238434731960296631e+01,-7.253066003322601318e+01,0.000000000000000000e+00
1.481170049926000000e+12,-2.024376243352890015e-01,-9.604039192199707031e-01,-4.072860479354858398e-01,6.400000000000000000e+01,4.238434731960296631e+01,-7.253066003322601318e+01,0.000000000000000000e+00
1.481170049926000000e+12,-2.060718834400177002e-01,-9.310339689254760742e-01,-4.075044691562652588e-01,6.400000000000000000e+01,4.238434731960296631e+01,-7.253066003322601318e+01,0.000000000000000000e+00
1.481170049967000000e+12,-2.051554769277572632e-01,-9.069633483886718750e-01,-4.095505177974700928e-01,6.400000000000000000e+01,4.238434731960296631e+01,-7.253066003322601318e+01,0.000000000000000000e+00
1.481170049976000000e+12,-2.000711262226104736e-01,-8.952304720878601074e-01,-4.111789166927337646e-01,6.400000000000000000e+01,4.238434731960296631e+01,-7.253066003322601318e+01,0.000000000000000000e+00
1.481170049976000000e+12,-1.942002624273300171e-01,-8.973525166511535645e-01,-4.089041948318481445e-01,6.400000000000000000e+01,4.238434731960296631e+01,-7.253066003322601318e+01,0.000000000000000000e+00
1.481170049995000000e+12,-1.900761127471923828e-01,-9.063701033592224121e-01,-4.015645384788513184e-01,6.400000000000000000e+01,4.238434731960296631e+01,-7.253066003322601318e+01,0.000000000000000000e+00
1.481170050033000000e+12,-1.876037716865539551e-01,-9.111196994781494141e-01,-3.925304114818572998e-01,6.400000000000000000e+01,4.238434731960296631e+01,-7.253066003322601318e+01,0.000000000000000000e+00
1.481170050035000000e+12,-1.850410550832748413e-01,-9.088438749313354492e-01,-3.867953717708587646e-01,6.400000000000000000e+01,4.238434731960296631e+01,-7.253066003322601318e+01,0.000000000000000000e+00
1.481170050044000000e+12,-1.827678680419921875e-01,-9.047298431396484375e-01,-3.851187229156494141e-01,6.400000000000000000e+01,4.238434731960296631e+01,-7.253066003322601318e+01,0.000000000000000000e+00
1.481170050090000000e+12,-1.814822107553482056e-01,-9.041102528572082520e-01,-3.868301510810852051e-01,6.400000000000000000e+01,4.238434731960296631e+01,-7.253066003322601318e+01,0.000000000000000000e+00
1.481170050094000000e+12,-1.806338578462600708e-01,-9.087157845497131348e-01,-3.920561373233795166e-01,6.400000000000000000e+01,4.238434731960296631e+01,-7.253066003322601318e+01,0.000000000000000000e+00
1.481170050118000000e+12,-1.803980618715286255e-01,-9.186694025993347168e-01,-3.994344174861907959e-01,6.400000000000000000e+01,4.238434731960296631e+01,-7.253066003322601318e+01,0.000000000000000000e+00
1.481170050121000000e+12,-1.813172399997711182e-01,-9.287651181221008301e-01,-4.098978936672210693e-01,6.400000000000000000e+01,4.238434731960296631e+01,-7.253066003322601318e+01,0.000000000000000000e+00
1.481170050151000000e+12,-1.822704970836639404e-01,-9.288054108619689941e-01,-4.241154193878173828e-01,6.400000000000000000e+01,4.238434731960296631e+01,-7.253066003322601318e+01,0.000000000000000000e+00
1.481170050159000000e+12,-1.788878738880157471e-01,-9.217172861099243164e-01,-4.357977807521820068e-01,6.400000000000000000e+01,4.238434731960296631e+01,-7.253066003322601318e+01,0.000000000000000000e+00
1.481170050162000000e+12,-1.716420054435729980e-01,-9.199260473251342773e-01,-4.377873837947845459e-01,6.400000000000000000e+01,4.238434731960296631e+01,-7.253066003322601318e+01,1.000000000000000000e+00
1.481170050175000000e+12,-1.675394028425216675e-01,-9.234396219253540039e-01,-4.324695467948913574e-01,6.400000000000000000e+01,4.238434731960296631e+01,-7.253066003322601318e+01,1.000000000000000000e+00
1.481170050212000000e+12,-1.670694351196289062e-01,-9.228729009628295898e-01,-4.268663525581359863e-01,6.400000000000000000e+01,4.238434731960296631e+01,-7.253066003322601318e+01,1.000000000000000000e+00
1.481170050220000000e+12,-1.662985980510711670e-01,-9.163356423377990723e-01,-4.226334095001220703e-01,6.400000000000000000e+01,4.238434731960296631e+01,-7.253066003322601318e+01,1.000000000000000000e+00
1.481170050226000000e+12,-1.639194488525390625e-01,-9.096935391426086426e-01,-4.177607893943786621e-01,6.400000000000000000e+01,4.238434731960296631e+01,-7.253066003322601318e+01,1.000000000000000000e+00
1.481170050289000000e+12,-1.627719849348068237e-01,-9.045311808586120605e-01,-4.107797443866729736e-01,6.400000000000000000e+01,4.238434731960296631e+01,-7.253066003322601318e+01,1.000000000000000000e+00
1.481170050292000000e+12,-1.659669876098632812e-01,-9.023984074592590332e-01,-4.006226062774658203e-01,6.400000000000000000e+01,4.238434731960296631e+01,-7.253066003322601318e+01,1.000000000000000000e+00
1.481170050295000000e+12,-1.695118993520736694e-01,-9.076581001281738281e-01,-3.886318504810333252e-01,6.400000000000000000e+01,4.238434731960296631e+01,-7.253066003322601318e+01,1.000000000000000000e+00
1.481170050301000000e+12,-1.707703024148941040e-01,-9.199435114860534668e-01,-3.797749578952789307e-01,6.400000000000000000e+01,4.238434731960296631e+01,-7.253066003322601318e+01,1.000000000000000000e+00
1.481170050338000000e+12,-1.704476773738861084e-01,-9.336322546005249023e-01,-3.779178857803344727e-01,6.400000000000000000e+01,4.238434731960296631e+01,-7.253066003322601318e+01,1.000000000000000000e+00
1.481170050338000000e+12,-1.692654639482498169e-01,-9.394090175628662109e-01,-3.823471069335937500e-01,6.400000000000000000e+01,4.238434731960296631e+01,-7.253066003322601318e+01,1.000000000000000000e+00
1.481170050346000000e+12,-1.694740653038024902e-01,-9.338530898094177246e-01,-3.887130916118621826e-01,6.400000000000000000e+01,4.238434731960296631e+01,-7.253066003322601318e+01,1.000000000000000000e+00
1.481170050358000000e+12,-1.712986528873443604e-01,-9.218823313713073730e-01,-3.933283090591430664e-01,6.400000000000000000e+01,4.238434731960296631e+01,-7.253066003322601318e+01,1.000000000000000000e+00
1.481170050358000000e+12,-1.733083277940750122e-01,-9.099887609481811523e-01,-3.957825899124145508e-01,6.400000000000000000e+01,4.238434731960296631e+01,-7.253066003322601318e+01,1.000000000000000000e+00
1.481170050399000000e+12,-1.742332428693771362e-01,-9.040710926055908203e-01,-3.979030251502990723e-01,6.400000000000000000e+01,4.238434731960296631e+01,-7.253066003322601318e+01,1.000000000000000000e+00
1.481170050409000000e+12,-1.735576689243316650e-01,-9.049664139747619629e-01,-4.006490111351013184e-01,6.400000000000000000e+01,4.238434731960296631e+01,-7.253066003322601318e+01,1.000000000000000000e+00
1.481170050409000000e+12,-1.717971712350845337e-01,-9.094984531402587891e-01,-4.025254249572753906e-01,6.400000000000000000e+01,4.238434731960296631e+01,-7.253066003322601318e+01,1.000000000000000000e+00
1.481170050424000000e+12,-1.710459440946578979e-01,-9.148550629615783691e-01,-4.043386578559875488e-01,6.400000000000000000e+01,4.238434731960296631e+01,-7.253066003322601318e+01,1.000000000000000000e+00
1.481170050459000000e+12,-1.724082529544830322e-01,-9.151093363761901855e-01,-4.089535474777221680e-01,6.400000000000000000e+01,4.238434731960296631e+01,-7.253066003322601318e+01,1.000000000000000000e+00
1.481170050459000000e+12,-1.726715266704559326e-01,-9.096667170524597168e-01,-4.147062301635742188e-01,6.400000000000000000e+01,4.238434731960296631e+01,-7.253066003322601318e+01,1.000000000000000000e+00
1.481170050475000000e+12,-1.700598746538162231e-01,-9.093049764633178711e-01,-4.175862073898315430e-01,6.400000000000000000e+01,4.238434731960296631e+01,-7.253066003322601318e+01,1.000000000000000000e+00
1.481170050520000000e+12,-1.686005145311355591e-01,-9.153563976287841797e-01,-4.157472848892211914e-01,6.400000000000000000e+01,4.238434731960296631e+01,-7.253066003322601318e+01,2.000000000000000000e+00
1.481170050520000000e+12,-1.705814152956008911e-01,-9.203513860702514648e-01,-4.101795256137847900e-01,6.400000000000000000e+01,4.238434731960296631e+01,-7.253066003322601318e+01,2.000000000000000000e+00
1.481170050528000000e+12,-1.719296127557754517e-01,-9.226698875427246094e-01,-4.044023156166076660e-01,6.400000000000000000e+01,4.238434731960296631e+01,-7.253066003322601318e+01,2.000000000000000000e+00
1.481170050541000000e+12,-1.695410758256912231e-01,-9.229590296745300293e-01,-4.006424546241760254e-01,6.400000000000000000e+01,4.238434731960296631e+01,-7.253066003322601318e+01,2.000000000000000000e+00
1.481170050584000000e+12,-1.673023849725723267e-01,-9.211553335189819336e-01,-3.982817828655242920e-01,6.400000000000000000e+01,4.238434731960296631e+01,-7.253066003322601318e+01,2.000000000000000000e+00
1.481170050586000000e+12,-1.679881066083908081e-01,-9.168342947959899902e-01,-3.972505927085876465e-01,6.400000000000000000e+01,4.238434731960296631e+01,-7.253066003322601318e+01,2.000000000000000000e+00
1.481170050590000000e+12,-1.684478372335433960e-01,-9.136657714843750000e-01,-3.965418040752410889e-01,6.400000000000000000e+01,4.238434731960296631e+01,-7.253066003322601318e+01,2.000000000000000000e+00
1.481170050606000000e+12,-1.681995689868927002e-01,-9.154600501060485840e-01,-3.937528729438781738e-01,6.400000000000000000e+01,4.238434731960296631e+01,-7.253066003322601318e+01,2.000000000000000000e+00
1.481170050644000000e+12,-1.688599288463592529e-01,-9.203209280967712402e-01,-3.898654282093048096e-01,6.400000000000000000e+01,4.238434731960296631e+01,-7.253066003322601318e+01,2.000000000000000000e+00
1.481170050647000000e+12,-1.699980646371841431e-01,-9.254848361015319824e-01,-3.850606083869934082e-01,6.400000000000000000e+01,4.238434731960296631e+01,-7.253066003322601318e+01,2.000000000000000000e+00
1.481170050658000000e+12,-1.709677577018737793e-01,-9.258783459663391113e-01,-3.790132999420166016e-01,6.400000000000000000e+01,4.238434731960296631e+01,-7.253066003322601318e+01,2.000000000000000000e+00
1.481170050705000000e+12,-1.721590012311935425e-01,-9.192598462104797363e-01,-3.768473565578460693e-01,6.400000000000000000e+01,4.238434731960296631e+01,-7.253066003322601318e+01,2.000000000000000000e+00
1.481170050710000000e+12,-1.730777770280838013e-01,-9.125484824180603027e-01,-3.815136253833770752e-01,6.400000000000000000e+01,4.238434731960296631e+01,-7.253066003322601318e+01,2.000000000000000000e+00
1.481170050719000000e+12,-1.723272204399108887e-01,-9.116715192794799805e-01,-3.888095915317535400e-01,6.400000000000000000e+01,4.238434731960296631e+01,-7.253066003322601318e+01,2.000000000000000000e+00
1.481170050724000000e+12,-1.710799634456634521e-01,-9.155925512313842773e-01,-3.946724236011505127e-01,6.400000000000000000e+01,4.238434731960296631e+01,-7.253066003322601318e+01,2.000000000000000000e+00
1.481170050767000000e+12,-1.714796274900436401e-01,-9.200847744941711426e-01,-3.971621692180633545e-01,6.400000000000000000e+01,4.238434731960296631e+01,-7.253066003322601318e+01,2.000000000000000000e+00
1.481170050777000000e+12,-1.734543144702911377e-01,-9.216916561126708984e-01,-3.960709273815155029e-01,6.400000000000000000e+01,4.238434731960296631e+01,-7.253066003322601318e+01,2.000000000000000000e+00
1.481170050779000000e+12,-1.756699383258819580e-01,-9.205318689346313477e-01,-3.950115442276000977e-01,6.400000000000000000e+01,4.238434731960296631e+01,-7.253066003322601318e+01,2.000000000000000000e+00
1.481170050789000000e+12,-1.770409643650054932e-01,-9.171972870826721191e-01,-3.963574469089508057e-01,6.400000000000000000e+01,4.238434731960296631e+01,-7.253066003322601318e+01,2.000000000000000000e+00
1.481170050828000000e+12,-1.760391145944595337e-01,-9.128707647323608398e-01,-3.983902037143707275e-01,6.400000000000000000e+01,4.238434731960296631e+01,-7.253066003322601318e+01,2.000000000000000000e+00
1.481170050832000000e+12,-1.734936237335205078e-01,-9.115849137306213379e-01,-4.003031551837921143e-01,6.400000000000000000e+01,4.238434731960296631e+01,-7.253066003322601318e+01,2.000000000000000000e+00
1.481170050841000000e+12,-1.708287149667739868e-01,-9.148324131965637207e-01,-4.026387035846710205e-01,6.400000000000000000e+01,4.238434731960296631e+01,-7.253066003322601318e+01,2.000000000000000000e+00
1.481170050841000000e+12,-1.669553816318511963e-01,-9.203197956085205078e-01,-4.038046896457672119e-01,6.400000000000000000e+01,4.238434731960296631e+01,-7.253066003322601318e+01,2.000000000000000000e+00
1.481170050889000000e+12,-1.641861647367477417e-01,-9.260280728340148926e-01,-4.019946455955505371e-01,6.400000000000000000e+01,4.238434731960296631e+01,-7.253066003322601318e+01,3.000000000000000000e+00
1.481170050892000000e+12,-1.660338491201400757e-01,-9.291075468063354492e-01,-3.979972302913665771e-01,6.400000000000000000e+01,4.238434731960296631e+01,-7.253066003322601318e+01,3.000000000000000000e+00
1.481170050892000000e+12,-1.708439588546752930e-01,-9.264071583747863770e-01,-3.930390477180480957e-01,6.400000000000000000e+01,4.238434731960296631e+01,-7.253066003322601318e+01,3.000000000000000000e+00
1.481170050950000000e+12,-1.749722957611083984e-01,-9.192571640014648438e-01,-3.879081308841705322e-01,6.400000000000000000e+01,4.238434731960296631e+01,-7.253066003322601318e+01,3.000000000000000000e+00
1.481170050953000000e+12,-1.762864142656326294e-01,-9.135622978210449219e-01,-3.849181830883026123e-01,6.400000000000000000e+01,4.238434731960296631e+01,-7.253066003322601318e+01,3.000000000000000000e+00
1.481170050953000000e+12,-1.753702014684677124e-01,-9.132431745529174805e-01,-3.853712975978851318e-01,6.400000000000000000e+01,4.238434731960296631e+01,-7.253066003322601318e+01,3.000000000000000000e+00
1.481170050958000000e+12,-1.751430928707122803e-01,-9.152883887290954590e-01,-3.876939117908477783e-01,6.400000000000000000e+01,4.238434731960296631e+01,-7.253066003322601318e+01,3.000000000000000000e+00
1.481170051011000000e+12,-1.757395714521408081e-01,-9.169527292251586914e-01,-3.893983960151672363e-01,6.400000000000000000e+01,4.238434731960296631e+01,-7.253066003322601318e+01,3.000000000000000000e+00
1.481170051011000000e+12,-1.755468398332595825e-01,-9.184622764587402344e-01,-3.889669179916381836e-01,6.400000000000000000e+01,4.238434731960296631e+01,-7.253066003322601318e+01,3.000000000000000000e+00
1.481170051021000000e+12,-1.759760379791259766e-01,-9.189666509628295898e-01,-3.886104524135589600e-01,6.400000000000000000e+01,4.238434731960296631e+01,-7.253066003322601318e+01,3.000000000000000000e+00
1.481170051023000000e+12,-1.779989600181579590e-01,-9.176127910614013672e-01,-3.920542001724243164e-01,6.400000000000000000e+01,4.238434731960296631e+01,-7.253066003322601318e+01,3.000000000000000000e+00
1.481170051040000000e+12,-1.799079477787017822e-01,-9.146706461906433105e-01,-3.987449407577514648e-01,6.400000000000000000e+01,4.238434731960296631e+01,-7.253066003322601318e+01,3.000000000000000000e+00
1.481170051073000000e+12,-1.803932338953018188e-01,-9.109746813774108887e-01,-4.041807353496551514e-01,6.400000000000000000e+01,4.238434731960296631e+01,-7.253066003322601318e+01,3.000000000000000000e+00
1.481170051076000000e+12,-1.796841323375701904e-01,-9.091475009918212891e-01,-4.049021601676940918e-01,6.400000000000000000e+01,4.238434731960296631e+01,-7.253066003322601318e+01,3.000000000000000000e+00
1.481170051087000000e+12,-1.789611726999282837e-01,-9.109064936637878418e-01,-4.013166427612304688e-01,6.400000000000000000e+01,4.238434731960296631e+01,-7.253066003322601318e+01,3.000000000000000000e+00
1.481170051136000000e+12,-1.789213120937347412e-01,-9.123095870018005371e-01,-3.977219164371490479e-01,6.400000000000000000e+01,0.000000000000000000e+00,0.000000000000000000e+00,3.000000000000000000e+00
1.481170051140000000e+12,-1.781076639890670776e-01,-9.115019440650939941e-01,-3.971319496631622314e-01,6.400000000000000000e+01,0.000000000000000000e+00,0.000000000000000000e+00,3.000000000000000000e+00
1.481170051142000000e+12,-1.763635724782943726e-01,-9.115002155303955078e-01,-3.979797959327697754e-01,6.400000000000000000e+01,0.000000000000000000e+00,0.000000000000000000e+00,3.000000000000000000e+00
1.481170051157000000e+12,-1.766701936721801758e-01,-9.125144481658935547e-01,-3.992303013801574707e-01,6.400000000000000000e+01,0.000000000000000000e+00,0.000000000000000000e+00,3.000000000000000000e+00
1.481170051196000000e+12,-1.799120306968688965e-01,-9.120201468467712402e-01,-4.010430574417114258e-01,6.400000000000000000e+01,0.000000000000000000e+00,0.000000000000000000e+00,3.000000000000000000e+00
1.481170051208000000e+12,-1.822797656059265137e-01,-9.105507135391235352e-01,-4.026492238044738770e-01,6.400000000000000000e+01,0.000000000000000000e+00,0.000000000000000000e+00,3.000000000000000000e+00
1.481170051213000000e+12,-1.811752468347549438e-01,-9.122375845909118652e-01,-4.032289981842041016e-01,6.400000000000000000e+01,0.000000000000000000e+00,0.000000000000000000e+00,3.000000000000000000e+00
1.481170051224000000e+12,-1.794217526912689209e-01,-9.157137274742126465e-01,-4.021233022212982178e-01,6.400000000000000000e+01,0.000000000000000000e+00,0.000000000000000000e+00,3.000000000000000000e+00
1.481170051259000000e+12,-1.800870448350906372e-01,-9.165454506874084473e-01,-3.999706208705902100e-01,6.400000000000000000e+01,0.000000000000000000e+00,0.000000000000000000e+00,2.000000000000000000e+00
1.481170051263000000e+12,-1.818071305751800537e-01,-9.164120554924011230e-01,-3.985164165496826172e-01,6.400000000000000000e+01,0.000000000000000000e+00,0.000000000000000000e+00,2.000000000000000000e+00
1.481170051271000000e+12,-1.813820153474807739e-01,-9.171190857887268066e-01,-4.001006782054901123e-01,6.400000000000000000e+01,0.000000000000000000e+00,0.000000000000000000e+00,2.000000000000000000e+00
1.481170051322000000e+12,-1.792882531881332397e-01,-9.187836050987243652e-01,-4.042238593101501465e-01,6.400000000000000000e+01,0.000000000000000000e+00,0.000000000000000000e+00,2.000000000000000000e+00
1.481170051324000000e+12,-1.782566905021667480e-01,-9.235555529594421387e-01,-4.059708714485168457e-01,6.400000000000000000e+01,0.000000000000000000e+00,0.000000000000000000e+00,2.000000000000000000e+00
1.481170051339000000e+12,-1.791064143180847168e-01,-9.358966350555419922e-01,-4.036718010902404785e-01,6.400000000000000000e+01,0.000000000000000000e+00,0.000000000000000000e+00,2.000000000000000000e+00
1.481170051341000000e+12,-1.811189055442810059e-01,-9.385524988174438477e-01,-4.012519419193267822e-01,6.400000000000000000e+01,0.000000000000000000e+00,0.000000000000000000e+00,2.000000000000000000e+00
1.481170051390000000e+12,-1.796526163816452026e-01,-9.099442362785339355e-01,-4.008854031562805176e-01,6.400000000000000000e+01,0.000000000000000000e+00,0.000000000000000000e+00,2.000000000000000000e+00
1.481170051393000000e+12,-1.753598600625991821e-01,-8.734962940216064453e-01,-4.026214480400085449e-01,6.400000000000000000e+01,0.000000000000000000e+00,0.000000000000000000e+00,2.000000000000000000e+00
1.481170051393000000e+12,-1.758276075124740601e-01,-8.582228422164916992e-01,-4.066975116729736328e-01,6.400000000000000000e+01,0.000000000000000000e+00,0.000000000000000000e+00,2.000000000000000000e+00
1.481170051405000000e+12,-1.775037199258804321e-01,-8.711587786674499512e-01,-4.081716239452362061e-01,6.400000000000000000e+01,0.000000000000000000e+00,0.000000000000000000e+00,2.000000000000000000e+00
1.481170051451000000e+12,-1.768794953823089600e-01,-9.099051356315612793e-01,-4.030794203281402588e-01,6.400000000000000000e+01,0.000000000000000000e+00,0.000000000000000000e+00,0.000000000000000000e+00
1.481170051451000000e+12,-1.776046752929687500e-01,-9.526452422142028809e-01,-3.942330777645111084e-01,6.400000000000000000e+01,0.000000000000000000e+00,0.000000000000000000e+00,0.000000000000000000e+00
1.481170051455000000e+12,-1.774279624223709106e-01,-9.662330746650695801e-01,-3.846957981586456299e-01,6.400000000000000000e+01,0.000000000000000000e+00,0.000000000000000000e+00,0.000000000000000000e+00
1.481170051470000000e+12,-1.755075752735137939e-01,-9.447105526924133301e-01,-3.777052164077758789e-01,6.400000000000000000e+01,0.000000000000000000e+00,0.000000000000000000e+00,0.000000000000000000e+00
1.481170051470000000e+12,-1.740752160549163818e-01,-9.178460836410522461e-01,-3.766786158084869385e-01,6.400000000000000000e+01,0.000000000000000000e+00,0.000000000000000000e+00,0.000000000000000000e+00
1.481170051512000000e+12,-1.726960539817810059e-01,-9.066096544265747070e-01,-3.834749460220336914e-01,6.400000000000000000e+01,0.000000000000000000e+00,0.000000000000000000e+00,0.000000000000000000e+00
1.481170051520000000e+12,-1.719184666872024536e-01,-9.082084298133850098e-01,-3.965656459331512451e-01,6.400000000000000000e+01,0.000000000000000000e+00,0.000000000000000000e+00,0.000000000000000000e+00
1.481170051520000000e+12,-1.729075908660888672e-01,-9.136787056922912598e-01,-4.094215333461761475e-01,6.400000000000000000e+01,0.000000000000000000e+00,0.000000000000000000e+00,0.000000000000000000e+00
1.481170051537000000e+12,-1.760278642177581787e-01,-9.180750846862792969e-01,-4.174698889255523682e-01,6.400000000000000000e+01,0.000000000000000000e+00,0.000000000000000000e+00,0.000000000000000000e+00
1.481170051589000000e+12,-1.808835715055465698e-01,-9.164533019065856934e-01,-4.220796227455139160e-01,6.400000000000000000e+01,0.000000000000000000e+00,0.000000000000000000e+00,0.000000000000000000e+00
1.481170051590000000e+12,-1.831455528736114502e-01,-9.065877199172973633e-01,-4.254378676414489746e-01,6.400000000000000000e+01,0.000000000000000000e+00,0.000000000000000000e+00,0.000000000000000000e+00
1.481170051594000000e+12,-1.795694828033447266e-01,-8.998625874519348145e-01,-4.267654716968536377e-01,6.400000000000000000e+01,0.000000000000000000e+00,0.000000000000000000e+00,0.000000000000000000e+00
1.481170051603000000e+12,-1.746011525392532349e-01,-9.054321050643920898e-01,-4.233174026012420654e-01,6.400000000000000000e+01,0.000000000000000000e+00,0.000000000000000000e+00,0.000000000000000000e+00
1.481170051640000000e+12,-1.739245802164077759e-01,-9.155597090721130371e-01,-4.167336523532867432e-01,6.400000000000000000e+01,0.000000000000000000e+00,0.000000000000000000e+00,1.000000000000000000e+00
1.481170051643000000e+12,-1.765496283769607544e-01,-9.184402823448181152e-01,-4.128637015819549561e-01,6.400000000000000000e+01,0.000000000000000000e+00,0.000000000000000000e+00,1.000000000000000000e+00
1.481170051652000000e+12,-1.777969449758529663e-01,-9.144267439842224121e-01,-4.119807481765747070e-01,6.400000000000000000e+01,0.000000000000000000e+00,0.000000000000000000e+00,1.000000000000000000e+00
1.481170051702000000e+12,-1.772885620594024658e-01,-9.110206365585327148e-01,-4.108609557151794434e-01,6.400000000000000000e+01,0.000000000000000000e+00,0.000000000000000000e+00,1.000000000000000000e+00
1.481170051706000000e+12,-1.767558753490447998e-01,-9.105798006057739258e-01,-4.078326225280761719e-01,6.400000000000000000e+01,0.000000000000000000e+00,0.000000000000000000e+00,1.000000000000000000e+00
1.481170051709000000e+12,-1.772282421588897705e-01,-9.122856259346008301e-01,-4.023255407810211182e-01,6.400000000000000000e+01,0.000000000000000000e+00,0.000000000000000000e+00,1.000000000000000000e+00
1.481170051720000000e+12,-1.790874749422073364e-01,-9.153707623481750488e-01,-3.969354629516601562e-01,6.400000000000000000e+01,0.000000000000000000e+00,0.000000000000000000e+00,1.000000000000000000e+00
1.481170051767000000e+12,-1.804949939250946045e-01,-9.168411493301391602e-01,-3.935502767562866211e-01,6.400000000000000000e+01,0.000000000000000000e+00,0.000000000000000000e+00,1.000000000000000000e+00
1.481170051770000000e+12,-1.801604330539703369e-01,-9.138135313987731934e-01,-3.938066363334655762e-01,6.400000000000000000e+01,0.000000000000000000e+00,0.000000000000000000e+00,1.000000000000000000e+00
1.481170051787000000e+12,-1.776684671640396118e-01,-9.068205952644348145e-01,-3.997103571891784668e-01,6.400000000000000000e+01,0.000000000000000000e+00,0.000000000000000000e+00,1.000000000000000000e+00
1.481170051790000000e+12,-1.737928539514541626e-01,-8.993772268295288086e-01,-4.086687862873077393e-01,6.400000000000000000e+01,0.000000000000000000e+00,0.000000000000000000e+00,1.000000000000000000e+00
1.481170051832000000e+12,-1.702615320682525635e-01,-8.955931067466735840e-01,-4.180703759193420410e-01,6.400000000000000000e+01,0.000000000000000000e+00,0.000000000000000000e+00,1.000000000000000000e+00
1.481170051838000000e+12,-1.681024432182312012e-01,-8.969923257827758789e-01,-4.265282154083251953e-01,6.400000000000000000e+01,0.000000000000000000e+00,0.000000000000000000e+00,1.000000000000000000e+00
1.481170051842000000e+12,-1.675880700349807739e-01,-9.027440547943115234e-01,-4.306155741214752197e-01,6.400000000000000000e+01,0.000000000000000000e+00,0.000000000000000000e+00,1.000000000000000000e+00
1.481170051854000000e+12,-1.690465658903121948e-01,-9.086683988571166992e-01,-4.301006495952606201e-01,6.400000000000000000e+01,0.000000000000000000e+00,0.000000000000000000e+00,1.000000000000000000e+00
1.481170051854000000e+12,-1.722124814987182617e-01,-9.089720249176025391e-01,-4.289853572845458984e-01,6.400000000000000000e+01,0.000000000000000000e+00,0.000000000000000000e+00,1.000000000000000000e+00
1.481170051892000000e+12,-1.754555851221084595e-01,-9.059780836105346680e-01,-4.274812042713165283e-01,6.400000000000000000e+01,0.000000000000000000e+00,0.000000000000000000e+00,1.000000000000000000e+00
1.481170051901000000e+12,-1.788750290870666504e-01,-9.063208103179931641e-01,-4.228106141090393066e-01,6.400000000000000000e+01,0.000000000000000000e+00,0.000000000000000000e+00,1.000000000000000000e+00
1.481170051901000000e+12,-1.821486055850982666e-01,-9.088523387908935547e-01,-4.158754050731658936e-01,6.400000000000000000e+01,0.000000000000000000e+00,0.000000000000000000e+00,1.000000000000000000e+00
1.481170051955000000e+12,-1.846742480993270874e-01,-9.107141494750976562e-01,-4.103040397167205811e-01,6.400000000000000000e+01,0.000000000000000000e+00,0.000000000000000000e+00,2.000000000000000000e+00
1.481170051958000000e+12,-1.850474923849105835e-01,-9.122314453125000000e-01,-4.086213707923889160e-01,6.400000000000000000e+01,0.000000000000000000e+00,0.000000000000000000e+00,2.000000000000000000e+00
1.481170051958000000e+12,-1.820092797279357910e-01,-9.111802577972412109e-01,-4.106203317642211914e-01,6.400000000000000000e+01,0.000000000000000000e+00,0.000000000000000000e+00,2.000000000000000000e+00
1.481170051970000000e+12,-1.757007390260696411e-01,-9.044825434684753418e-01,-4.185366928577423096e-01,6.400000000000000000e+01,0.000000000000000000e+00,0.000000000000000000e+00,2.000000000000000000e+00
1.481170052023000000e+12,-1.633881032466888428e-01,-9.131441712379455566e-01,-4.312485456466674805e-01,6.400000000000000000e+01,0.000000000000000000e+00,0.000000000000000000e+00,2.000000000000000000e+00
1.481170052023000000e+12,-1.521168798208236694e-01,-9.406577944755554199e-01,-4.386584162712097168e-01,6.400000000000000000e+01,0.000000000000000000e+00,0.000000000000000000e+00,2.000000000000000000e+00
1.481170052028000000e+12,-1.539190113544464111e-01,-9.391086697578430176e-01,-4.360130727291107178e-01,6.400000000000000000e+01,0.000000000000000000e+00,0.000000000000000000e+00,2.000000000000000000e+00
1.481170052079000000e+12,-1.615379303693771362e-01,-9.027393460273742676e-01,-4.301540851593017578e-01,6.400000000000000000e+01,0.000000000000000000e+00,0.000000000000000000e+00,2.000000000000000000e+00
1.481170052079000000e+12,-1.627109944820404053e-01,-8.698815703392028809e-01,-4.305656850337982178e-01,6.400000000000000000e+01,0.000000000000000000e+00,0.000000000000000000e+00,1.000000000000000000e+00
1.481170052087000000e+12,-1.589826792478561401e-01,-8.635693788528442383e-01,-4.346475899219512939e-01,6.400000000000000000e+01,0.000000000000000000e+00,0.000000000000000000e+00,1.000000000000000000e+00
1.481170052094000000e+12,-1.593534052371978760e-01,-8.817758560180664062e-01,-4.278233945369720459e-01,6.400000000000000000e+01,0.000000000000000000e+00,0.000000000000000000e+00,1.000000000000000000e+00
1.481170052104000000e+12,-1.700520366430282593e-01,-9.014939665794372559e-01,-4.064206779003143311e-01,6.400000000000000000e+01,0.000000000000000000e+00,0.000000000000000000e+00,1.000000000000000000e+00
1.481170052142000000e+12,-1.809940189123153687e-01,-9.182738661766052246e-01,-3.838457763195037842e-01,6.400000000000000000e+01,0.000000000000000000e+00,0.000000000000000000e+00,1.000000000000000000e+00
1.481170052144000000e+12,-1.825017035007476807e-01,-9.362164735794067383e-01,-3.704004585742950439e-01,6.400000000000000000e+01,0.000000000000000000e+00,0.000000000000000000e+00,1.000000000000000000e+00
1.481170052150000000e+12,-1.798879653215408325e-01,-9.464031457901000977e-01,-3.680936098098754883e-01,6.400000000000000000e+01,0.000000000000000000e+00,0.000000000000000000e+00,1.000000000000000000e+00
1.481170052202000000e+12,-1.763978749513626099e-01,-9.435805678367614746e-01,-3.769436180591583252e-01,6.400000000000000000e+01,0.000000000000000000e+00,0.000000000000000000e+00,1.000000000000000000e+00
1.481170052206000000e+12,-1.737118214368820190e-01,-9.287326335906982422e-01,-3.930794596672058105e-01,6.400000000000000000e+01,0.000000000000000000e+00,0.000000000000000000e+00,1.000000000000000000e+00
1.481170052208000000e+12,-1.741071194410324097e-01,-9.120820760726928711e-01,-4.075707793235778809e-01,6.400000000000000000e+01,0.000000000000000000e+00,0.000000000000000000e+00,1.000000000000000000e+00
1.481170052218000000e+12,-1.748113781213760376e-01,-9.057186841964721680e-01,-4.137097001075744629e-01,6.400000000000000000e+01,0.000000000000000000e+00,0.000000000000000000e+00,1.000000000000000000e+00
1.481170052264000000e+12,-1.747711598873138428e-01,-9.093689918518066406e-01,-4.101494550704956055e-01,6.400000000000000000e+01,0.000000000000000000e+00,0.000000000000000000e+00,3.000000000000000000e+00
1.481170052269000000e+12,-1.757335066795349121e-01,-9.166148304939270020e-01,-3.988079726696014404e-01,6.400000000000000000e+01,0.000000000000000000e+00,0.000000000000000000e+00,3.000000000000000000e+00
1.481170052270000000e+12,-1.775379925966262817e-01,-9.194487929344177246e-01,-3.870249688625335693e-01,6.400000000000000000e+01,0.000000000000000000e+00,0.000000000000000000e+00,3.000000000000000000e+00
1.481170052284000000e+12,-1.758059859275817871e-01,-9.163224697113037109e-01,-3.856106996536254883e-01,6.400000000000000000e+01,0.000000000000000000e+00,0.000000000000000000e+00,3.000000000000000000e+00
1.481170052326000000e+12,-1.684330254793167114e-01,-9.215773940086364746e-01,-3.966355621814727783e-01,6.400000000000000000e+01,0.000000000000000000e+00,0.000000000000000000e+00,3.000000000000000000e+00
1.481170052330000000e+12,-1.640613228082656860e-01,-9.206304550170898438e-01,-4.103198945522308350e-01,6.400000000000000000e+01,0.000000000000000000e+00,0.000000000000000000e+00,3.000000000000000000e+00
1.481170052335000000e+12,-1.673605591058731079e-01,-8.993309736251831055e-01,-4.187771379947662354e-01,6.400000000000000000e+01,0.000000000000000000e+00,0.000000000000000000e+00,3.000000000000000000e+00
1.481170052351000000e+12,-1.712740212678909302e-01,-8.916595578193664551e-01,-4.204719066619873047e-01,6.400000000000000000e+01,0.000000000000000000e+00,0.000000000000000000e+00,0.000000000000000000e+00
1.481170052375000000e+12,-1.719209104776382446e-01,-9.059066772460937500e-01,-4.161942601203918457e-01,6.400000000000000000e+01,0.000000000000000000e+00,0.000000000000000000e+00,0.000000000000000000e+00
1.481170052385000000e+12,-1.725461035966873169e-01,-9.230020046234130859e-01,-4.073887467384338379e-01,6.400000000000000000e+01,0.000000000000000000e+00,0.000000000000000000e+00,0.000000000000000000e+00
1.481170052385000000e+12,-1.733074784278869629e-01,-9.315395951271057129e-01,-3.988829851150512695e-01,6.400000000000000000e+01,0.000000000000000000e+00,0.000000000000000000e+00,0.000000000000000000e+00
1.481170052424000000e+12,-1.736529320478439331e-01,-9.274673461914062500e-01,-3.948486745357513428e-01,6.400000000000000000e+01,0.000000000000000000e+00,0.000000000000000000e+00,0.000000000000000000e+00
1.481170052435000000e+12,-1.762218177318572998e-01,-9.163166880607604980e-01,-3.931377530097961426e-01,6.400000000000000000e+01,0.000000000000000000e+00,0.000000000000000000e+00,0.000000000000000000e+00
1.481170052435000000e+12,-1.803823858499526978e-01,-9.068585038185119629e-01,-3.914279937744140625e-01,6.400000000000000000e+01,0.000000000000000000e+00,0.000000000000000000e+00,0.000000000000000000e+00
1.481170052485000000e+12,-1.812021285295486450e-01,-9.075845479965209961e-01,-3.914223313331604004e-01,6.400000000000000000e+01,0.000000000000000000e+00,0.000000000000000000e+00,0.000000000000000000e+00
1.481170052489000000e+12,-1.782002598047256470e-01,-9.141139984130859375e-01,-3.949722945690155029e-01,6.400000000000000000e+01,0.000000000000000000e+00,0.000000000000000000e+00,0.000000000000000000e+00
1.481170052489000000e+12,-1.751325130462646484e-01,-9.145546555519104004e-01,-4.002925157546997070e-01,6.400000000000000000e+01,0.000000000000000000e+00,0.000000000000000000e+00,0.000000000000000000e+00
1.481170052499000000e+12,-1.737778931856155396e-01,-9.066503643989562988e-01,-4.056791663169860840e-01,6.400000000000000000e+01,0.000000000000000000e+00,0.000000000000000000e+00,2.000000000000000000e+00
1.481170052546000000e+12,-1.765625476837158203e-01,-8.954657912254333496e-01,-4.117090702056884766e-01,6.400000000000000000e+01,0.000000000000000000e+00,0.000000000000000000e+00,2.000000000000000000e+00
1.481170052546000000e+12,-1.829856038093566895e-01,-8.838552832603454590e-01,-4.173114597797393799e-01,6.400000000000000000e+01,0.000000000000000000e+00,0.000000000000000000e+00,2.000000000000000000e+00
1.481170052551000000e+12,-1.849416643381118774e-01,-8.739203214645385742e-01,-4.257850348949432373e-01,6.400000000000000000e+01,0.000000000000000000e+00,0.000000000000000000e+00,2.000000000000000000e+00
1.481170052607000000e+12,-1.714907437562942505e-01,-8.908367156982421875e-01,-4.385419487953186035e-01,6.400000000000000000e+01,0.000000000000000000e+00,0.000000000000000000e+00,2.000000000000000000e+00
1.481170052607000000e+12,-1.505140811204910278e-01,-9.383403658866882324e-01,-4.478187561035156250e-01,6.400000000000000000e+01,0.000000000000000000e+00,0.000000000000000000e+00,2.000000000000000000e+00
1.481170052611000000e+12,-1.442061662673950195e-01,-9.548051953315734863e-01,-4.508975446224212646e-01,6.400000000000000000e+01,0.000000000000000000e+00,0.000000000000000000e+00,2.000000000000000000e+00
1.481170052617000000e+12,-1.489664316177368164e-01,-9.259691834449768066e-01,-4.474719464778900146e-01,6.400000000000000000e+01,0.000000000000000000e+00,0.000000000000000000e+00,2.000000000000000000e+00
1.481170052633000000e+12,-1.477461159229278564e-01,-8.986718654632568359e-01,-4.387949705123901367e-01,6.400000000000000000e+01,0.000000000000000000e+00,0.000000000000000000e+00,2.000000000000000000e+00
1.481170052670000000e+12,-1.443507075309753418e-01,-8.899057507514953613e-01,-4.253392517566680908e-01,6.400000000000000000e+01,0.000000000000000000e+00,0.000000000000000000e+00,1.000000000000000000e+00
1.481170052673000000e+12,-1.467415392398834229e-01,-8.980174064636230469e-01,-4.063180088996887207e-01,6.400000000000000000e+01,0.000000000000000000e+00,0.000000000000000000e+00,1.000000000000000000e+00
1.481170052683000000e+12,-1.512285023927688599e-01,-9.154844880104064941e-01,-3.906548917293548584e-01,6.400000000000000000e+01,0.000000000000000000e+00,0.000000000000000000e+00,1.000000000000000000e+00
1.481170052732000000e+12,-1.557330787181854248e-01,-9.308064579963684082e-01,-3.865049183368682861e-01,6.400000000000000000e+01,0.000000000000000000e+00,0.000000000000000000e+00,1.000000000000000000e+00
1.481170052734000000e+12,-1.603897809982299805e-01,-9.363402724266052246e-01,-3.950413465499877930e-01,6.400000000000000000e+01,0.000000000000000000e+00,0.000000000000000000e+00,1.000000000000000000e+00
1.481170052737000000e+12,-1.623172014951705933e-01,-9.286195635795593262e-01,-4.103611409664154053e-01,6.400000000000000000e+01,0.000000000000000000e+00,0.000000000000000000e+00,1.000000000000000000e+00
1.481170052750000000e+12,-1.631724685430526733e-01,-9.154071807861328125e-01,-4.252822399139404297e-01,6.400000000000000000e+01,0.000000000000000000e+00,0.000000000000000000e+00,1.000000000000000000e+00
1.481170052792000000e+12,-1.669633239507675171e-01,-9.055466651916503906e-01,-4.380477666854858398e-01,6.400000000000000000e+01,0.000000000000000000e+00,0.000000000000000000e+00,1.000000000000000000e+00
1.481170052796000000e+12,-1.723451167345046997e-01,-8.992585539817810059e-01,-4.467843770980834961e-01,6.400000000000000000e+01,0.000000000000000000e+00,0.000000000000000000e+00,1.000000000000000000e+00
1.481170052803000000e+12,-1.763069033622741699e-01,-8.959436416625976562e-01,-4.473963975906372070e-01,6.400000000000000000e+01,0.000000000000000000e+00,0.000000000000000000e+00,1.000000000000000000e+00
1.481170052816000000e+12,-1.792932599782943726e-01,-8.978596925735473633e-01,-4.367344379425048828e-01,6.400000000000000000e+01,0.000000000000000000e+00,0.000000000000000000e+00,3.000000000000000000e+00
1.481170052866000000e+12,-1.817022562026977539e-01,-9.036037325859069824e-01,-4.197539687156677246e-01,6.400000000000000000e+01,0.000000000000000000e+00,0.000000000000000000e+00,3.000000000000000000e+00
1.481170052868000000e+12,-1.814844161272048950e-01,-9.097787737846374512e-01,-4.027810394763946533e-01,6.400000000000000000e+01,0.000000000000000000e+00,0.000000000000000000e+00,3.000000000000000000e+00
1.481170052872000000e+12,-1.789311021566390991e-01,-9.113441109657287598e-01,-3.912120759487152100e-01,6.400000000000000000e+01,0.000000000000000000e+00,0.000000000000000000e+00,3.000000000000000000e+00
1.481170052882000000e+12,-1.708983629941940308e-01,-9.156770706176757812e-01,-3.902109563350677490e-01,6.400000000000000000e+01,0.000000000000000000e+00,0.000000000000000000e+00,3.000000000000000000e+00
1.481170052917000000e+12,-1.589729338884353638e-01,-9.197928905487060547e-01,-3.960027396678924561e-01,6.400000000000000000e+01,0.000000000000000000e+00,0.000000000000000000e+00,3.000000000000000000e+00
1.481170052919000000e+12,-1.567396223545074463e-01,-9.052616953849792480e-01,-4.058943986892700195e-01,6.400000000000000000e+01,0.000000000000000000e+00,0.000000000000000000e+00,3.000000000000000000e+00
1.481170052919000000e+12,-1.619584858417510986e-01,-8.897184133529663086e-01,-4.190459847450256348e-01,6.400000000000000000e+01,0.000000000000000000e+00,0.000000000000000000e+00,3.000000000000000000e+00
1.481170052978000000e+12,-1.626280546188354492e-01,-8.886981606483459473e-01,-4.285555779933929443e-01,6.400000000000000000e+01,0.000000000000000000e+00,0.000000000000000000e+00,0.000000000000000000e+00
1.481170052982000000e+12,-1.612688452005386353e-01,-9.031453728675842285e-01,-4.269079566001892090e-01,6.400000000000000000e+01,0.000000000000000000e+00,0.000000000000000000e+00,0.000000000000000000e+00
1.481170052982000000e+12,-1.640516221523284912e-01,-9.317761659622192383e-01,-4.151107966899871826e-01,6.400000000000000000e+01,0.000000000000000000e+00,0.000000000000000000e+00,0.000000000000000000e+00
1.481170053002000000e+12,-1.671028882265090942e-01,-9.508706927299499512e-01,-4.014028310775756836e-01,6.400000000000000000e+01,0.000000000000000000e+00,0.000000000000000000e+00,0.000000000000000000e+00
1.481170053039000000e+12,-1.674358695745468140e-01,-9.463011026382446289e-01,-3.906885981559753418e-01,6.400000000000000000e+01,0.000000000000000000e+00,0.000000000000000000e+00,0.000000000000000000e+00
1.481170053039000000e+12,-1.686222851276397705e-01,-9.288951158523559570e-01,-3.854674100875854492e-01,6.400000000000000000e+01,0.000000000000000000e+00,0.000000000000000000e+00,0.000000000000000000e+00
1.481170053044000000e+12,-1.699378043413162231e-01,-9.104444384574890137e-01,-3.877692222595214844e-01,6.400000000000000000e+01,0.000000000000000000e+00,0.000000000000000000e+00,0.000000000000000000e+00
1.481170053066000000e+12,-1.713420003652572632e-01,-8.985652923583984375e-01,-3.964972496032714844e-01,6.400000000000000000e+01,0.000000000000000000e+00,0.000000000000000000e+00,0.000000000000000000e+00
1.481170053066000000e+12,-1.729634553194046021e-01,-8.999755382537841797e-01,-4.066027104854583740e-01,6.400000000000000000e+01,0.000000000000000000e+00,0.000000000000000000e+00,0.000000000000000000e+00
1.481170053102000000e+12,-1.731869876384735107e-01,-9.101176857948303223e-01,-4.133890271186828613e-01,6.400000000000000000e+01,0.000000000000000000e+00,0.000000000000000000e+00,2.000000000000000000e+00
1.481170053114000000e+12,-1.723715811967849731e-01,-9.180425405502319336e-01,-4.168337881565093994e-01,6.400000000000000000e+01,0.000000000000000000e+00,0.000000000000000000e+00,2.000000000000000000e+00
1.481170053114000000e+12,-1.711704730987548828e-01,-9.163313508033752441e-01,-4.179065525531768799e-01,6.400000000000000000e+01,0.000000000000000000e+00,0.000000000000000000e+00,2.000000000000000000e+00
1.481170053163000000e+12,-1.722050905227661133e-01,-9.085680842399597168e-01,-4.187046885490417480e-01,6.400000000000000000e+01,0.000000000000000000e+00,0.000000000000000000e+00,2.000000000000000000e+00
1.481170053167000000e+12,-1.725165247917175293e-01,-9.008843302726745605e-01,-4.247559607028961182e-01,6.400000000000000000e+01,0.000000000000000000e+00,0.000000000000000000e+00,2.000000000000000000e+00
1.481170053172000000e+12,-1.627836376428604126e-01,-8.969663381576538086e-01,-4.391752183437347412e-01,6.400000000000000000e+01,0.000000000000000000e+00,0.000000000000000000e+00,2.000000000000000000e+00
1.481170053180000000e+12,-1.470504552125930786e-01,-9.146589636802673340e-01,-4.532955884933471680e-01,6.400000000000000000e+01,0.000000000000000000e+00,0.000000000000000000e+00,2.000000000000000000e+00
1.481170053225000000e+12,-1.428720206022262573e-01,-9.227866530418395996e-01,-4.570365250110626221e-01,6.400000000000000000e+01,0.000000000000000000e+00,0.000000000000000000e+00,2.000000000000000000e+00
1.481170053227000000e+12,-1.524843424558639526e-01,-8.853814005851745605e-01,-4.541698396205902100e-01,6.400000000000000000e+01,0.000000000000000000e+00,0.000000000000000000e+00,2.000000000000000000e+00
1.481170053229000000e+12,-1.587079316377639771e-01,-8.532990217208862305e-01,-4.500333070755004883e-01,6.400000000000000000e+01,0.000000000000000000e+00,0.000000000000000000e+00,2.000000000000000000e+00
1.481170053246000000e+12,-1.551095992326736450e-01,-8.589373230934143066e-01,-4.368991255760192871e-01,6.400000000000000000e+01,0.000000000000000000e+00,0.000000000000000000e+00,2.000000000000000000e+00
1.481170053285000000e+12,-1.544094532728195190e-01,-8.868904113769531250e-01,-4.097077548503875732e-01,6.400000000000000000e+01,0.000000000000000000e+00,0.000000000000000000e+00,1.000000000000000000e+00
1.481170053287000000e+12,-1.617371141910552979e-01,-9.189038872718811035e-01,-3.823171555995941162e-01,6.400000000000000000e+01,0.000000000000000000e+00,0.000000000000000000e+00,1.000000000000000000e+00
1.481170053298000000e+12,-1.659454256296157837e-01,-9.393721818923950195e-01,-3.690909743309020996e-01,6.400000000000000000e+01,0.000000000000000000e+00,0.000000000000000000e+00,1.000000000000000000e+00
1.481170053312000000e+12,-1.630148142576217651e-01,-9.426100254058837891e-01,-3.707515895366668701e-01,6.400000000000000000e+01,0.000000000000000000e+00,0.000000000000000000e+00,1.000000000000000000e+00
1.481170053346000000e+12,-1.613534092903137207e-01,-9.344643354415893555e-01,-3.817566037178039551e-01,6.400000000000000000e+01,0.000000000000000000e+00,0.000000000000000000e+00,1.000000000000000000e+00
1.481170053348000000e+12,-1.637959778308868408e-01,-9.241242408752441406e-01,-3.979339003562927246e-01,6.400000000000000000e+01,0.000000000000000000e+00,0.000000000000000000e+00,1.000000000000000000e+00
1.481170053364000000e+12,-1.668178290128707886e-01,-9.143427610397338867e-01,-4.137107133865356445e-01,6.400000000000000000e+01,0.000000000000000000e+00,0.000000000000000000e+00,1.000000000000000000e+00
1.481170053408000000e+12,-1.687700003385543823e-01,-9.087029099464416504e-01,-4.220028519630432129e-01,6.400000000000000000e+01,0.000000000000000000e+00,0.000000000000000000e+00,3.000000000000000000e+00
1.481170053412000000e+12,-1.689103692770004272e-01,-9.127920866012573242e-01,-4.216732084751129150e-01,6.400000000000000000e+01,0.000000000000000000e+00,0.000000000000000000e+00,3.000000000000000000e+00
1.481170053427000000e+12,-1.675537079572677612e-01,-9.237684011459350586e-01,-4.157034456729888916e-01,6.400000000000000000e+01,0.000000000000000000e+00,0.000000000000000000e+00,3.000000000000000000e+00
1.481170053440000000e+12,-1.679089367389678955e-01,-9.280086159706115723e-01,-4.034196436405181885e-01,6.400000000000000000e+01,0.000000000000000000e+00,0.000000000000000000e+00,3.000000000000000000e+00
1.481170053469000000e+12,-1.679444611072540283e-01,-9.275919795036315918e-01,-3.912539482116699219e-01,6.400000000000000000e+01,0.000000000000000000e+00,0.000000000000000000e+00,3.000000000000000000e+00
1.481170053469000000e+12,-1.604918688535690308e-01,-9.447129368782043457e-01,-3.909529149532318115e-01,6.400000000000000000e+01,0.000000000000000000e+00,0.000000000000000000e+00,3.000000000000000000e+00
1.481170053479000000e+12,-1.529342830181121826e-01,-9.461926817893981934e-01,-3.995301127433776855e-01,6.400000000000000000e+01,0.000000000000000000e+00,0.000000000000000000e+00,3.000000000000000000e+00
1.481170053496000000e+12,-1.561358422040939331e-01,-9.001429080963134766e-01,-4.110241830348968506e-01,6.400000000000000000e+01,0.000000000000000000e+00,0.000000000000000000e+00,3.000000000000000000e+00
1.481170053496000000e+12,-1.631269454956054688e-01,-8.619400262832641602e-01,-4.230504035949707031e-01,6.400000000000000000e+01,0.000000000000000000e+00,0.000000000000000000e+00,3.000000000000000000e+00
1.481170053530000000e+12,-1.663648784160614014e-01,-8.641139864921569824e-01,-4.293119013309478760e-01,6.400000000000000000e+01,0.000000000000000000e+00,0.000000000000000000e+00,3.000000000000000000e+00
1.481170053546000000e+12,-1.671724021434783936e-01,-8.934512138366699219e-01,-4.233728647232055664e-01,6.400000000000000000e+01,0.000000000000000000e+00,0.000000000000000000e+00,0.000000000000000000e+00
1.481170053546000000e+12,-1.683340370655059814e-01,-9.292891025543212891e-01,-4.070055782794952393e-01,6.400000000000000000e+01,0.000000000000000000e+00,0.000000000000000000e+00,0.000000000000000000e+00
1.481170053591000000e+12,-1.685883253812789917e-01,-9.505856037139892578e-01,-3.895204663276672363e-01,6.400000000000000000e+01,0.000000000000000000e+00,0.000000000000000000e+00,0.000000000000000000e+00
1.481170053594000000e+12,-1.667704582214355469e-01,-9.464027881622314453e-01,-3.781422078609466553e-01,6.400000000000000000e+01,0.000000000000000000e+00,0.000000000000000000e+00,0.000000000000000000e+00
1.481170053594000000e+12,-1.682433038949966431e-01,-9.252391457557678223e-01,-3.748261928558349609e-01,6.400000000000000000e+01,0.000000000000000000e+00,0.000000000000000000e+00,0.000000000000000000e+00
1.481170053612000000e+12,-1.708350777626037598e-01,-9.101195931434631348e-01,-3.794241249561309814e-01,6.400000000000000000e+01,0.000000000000000000e+00,0.000000000000000000e+00,0.000000000000000000e+00
1.481170053654000000e+12,-1.705827265977859497e-01,-9.013332128524780273e-01,-3.899546265602111816e-01,6.400000000000000000e+01,0.000000000000000000e+00,0.000000000000000000e+00,0.000000000000000000e+00
1.481170053656000000e+12,-1.703715026378631592e-01,-8.940313458442687988e-01,-4.008645713329315186e-01,6.400000000000000000e+01,0.000000000000000000e+00,0.000000000000000000e+00,0.000000000000000000e+00
1.481170053661000000e+12,-1.689445525407791138e-01,-8.983517289161682129e-01,-4.084488451480865479e-01,6.400000000000000000e+01,0.000000000000000000e+00,0.000000000000000000e+00,0.000000000000000000e+00
1.481170053680000000e+12,-1.677488237619400024e-01,-9.160190224647521973e-01,-4.123989045619964600e-01,6.400000000000000000e+01,0.000000000000000000e+00,0.000000000000000000e+00,2.000000000000000000e+00
1.481170053715000000e+12,-1.692568510770797729e-01,-9.302623271942138672e-01,-4.145105481147766113e-01,6.400000000000000000e+01,0.000000000000000000e+00,0.000000000000000000e+00,2.000000000000000000e+00
1.481170053719000000e+12,-1.650845855474472046e-01,-9.233238697052001953e-01,-4.247562885284423828e-01,6.400000000000000000e+01,0.000000000000000000e+00,0.000000000000000000e+00,2.000000000000000000e+00
1.481170053727000000e+12,-1.520446538925170898e-01,-9.210860133171081543e-01,-4.409514665603637695e-01,6.400000000000000000e+01,0.000000000000000000e+00,0.000000000000000000e+00,2.000000000000000000e+00
1.481170053776000000e+12,-1.438128203153610229e-01,-9.413820505142211914e-01,-4.439763724803924561e-01,6.400000000000000000e+01,0.000000000000000000e+00,0.000000000000000000e+00,2.000000000000000000e+00
1.481170053779000000e+12,-1.500753611326217651e-01,-9.353067874908447266e-01,-4.345117807388305664e-01,6.400000000000000000e+01,0.000000000000000000e+00,0.000000000000000000e+00,2.000000000000000000e+00
1.481170053785000000e+12,-1.579470932483673096e-01,-9.011953473091125488e-01,-4.232010245323181152e-01,6.400000000000000000e+01,0.000000000000000000e+00,0.000000000000000000e+00,2.000000000000000000e+00
1.481170053794000000e+12,-1.548731029033660889e-01,-8.829560875892639160e-01,-4.139315783977508545e-01,6.400000000000000000e+01,0.000000000000000000e+00,0.000000000000000000e+00,2.000000000000000000e+00
1.481170053837000000e+12,-1.507248878479003906e-01,-8.884529471397399902e-01,-4.041862189769744873e-01,6.400000000000000000e+01,0.000000000000000000e+00,0.000000000000000000e+00,1.000000000000000000e+00
1.481170053840000000e+12,-1.544773727655410767e-01,-9.105490446090698242e-01,-3.911665380001068115e-01,6.400000000000000000e+01,0.000000000000000000e+00,0.000000000000000000e+00,1.000000000000000000e+00
1.481170053856000000e+12,-1.614384651184082031e-01,-9.323543310165405273e-01,-3.843565881252288818e-01,6.400000000000000000e+01,0.000000000000000000e+00,0.000000000000000000e+00,1.000000000000000000e+00
1.481170053862000000e+12,-1.653891801834106445e-01,-9.388175010681152344e-01,-3.885142505168914795e-01,6.400000000000000000e+01,0.000000000000000000e+00,0.000000000000000000e+00,1.000000000000000000e+00
1.481170053899000000e+12,-1.669573783874511719e-01,-9.329966306686401367e-01,-3.993734121322631836e-01,6.400000000000000000e+01,0.000000000000000000e+00,0.000000000000000000e+00,1.000000000000000000e+00
1.481170053901000000e+12,-1.691891551017761230e-01,-9.242531061172485352e-01,-4.108880460262298584e-01,6.400000000000000000e+01,0.000000000000000000e+00,0.000000000000000000e+00,1.000000000000000000e+00
1.481170053911000000e+12,-1.711829602718353271e-01,-9.160624742507934570e-01,-4.179929494857788086e-01,6.400000000000000000e+01,0.000000000000000000e+00,0.000000000000000000e+00,1.000000000000000000e+00
1.481170053960000000e+12,-1.704340279102325439e-01,-9.120473861694335938e-01,-4.195009768009185791e-01,6.400000000000000000e+01,0.000000000000000000e+00,0.000000000000000000e+00,3.000000000000000000e+00
1.481170053963000000e+12,-1.678825169801712036e-01,-9.137516021728515625e-01,-4.156911969184875488e-01,6.400000000000000000e+01,0.000000000000000000e+00,0.000000000000000000e+00,3.000000000000000000e+00
1.481170053965000000e+12,-1.681149601936340332e-01,-9.148786664009094238e-01,-4.057707786560058594e-01,6.400000000000000000e+01,0.000000000000000000e+00,0.000000000000000000e+00,3.000000000000000000e+00
1.481170053977000000e+12,-1.714354157447814941e-01,-9.100442528724670410e-01,-3.951810896396636963e-01,6.400000000000000000e+01,0.000000000000000000e+00,0.000000000000000000e+00,3.000000000000000000e+00
1.481170053977000000e+12,-1.730376332998275757e-01,-9.036586880683898926e-01,-3.919315934181213379e-01,6.400000000000000000e+01,0.000000000000000000e+00,0.000000000000000000e+00,3.000000000000000000e+00
1.481170054022000000e+12,-1.696648448705673218e-01,-9.070100188255310059e-01,-3.939829468727111816e-01,6.400000000000000000e+01,0.000000000000000000e+00,0.000000000000000000e+00,3.000000000000000000e+00
1.481170054025000000e+12,-1.681863516569137573e-01,-9.045287966728210449e-01,-3.997094631195068359e-01,6.400000000000000000e+01,0.000000000000000000e+00,0.000000000000000000e+00,3.000000000000000000e+00
1.481170054025000000e+12,-1.734580248594284058e-01,-8.875721693038940430e-01,-4.071097970008850098e-01,6.400000000000000000e+01,0.000000000000000000e+00,0.000000000000000000e+00,3.000000000000000000e+00
1.481170054044000000e+12,-1.767951101064682007e-01,-8.936261534690856934e-01,-4.102239310741424561e-01,6.400000000000000000e+01,0.000000000000000000e+00,0.000000000000000000e+00,3.000000000000000000e+00
1.481170054084000000e+12,-1.724957376718521118e-01,-9.239592552185058594e-01,-4.063777327537536621e-01,6.400000000000000000e+01,0.000000000000000000e+00,0.000000000000000000e+00,0.000000000000000000e+00
1.481170054084000000e+12,-1.664362102746963501e-01,-9.383804202079772949e-01,-3.981099128723144531e-01,6.400000000000000000e+01,0.000000000000000000e+00,0.000000000000000000e+00,0.000000000000000000e+00
1.481170054092000000e+12,-1.646640300750732422e-01,-9.303542971611022949e-01,-3.908011913299560547e-01,6.400000000000000000e+01,0.000000000000000000e+00,0.000000000000000000e+00,0.000000000000000000e+00
1.481170054158000000e+12,-1.654667258262634277e-01,-9.157129526138305664e-01,-3.859118819236755371e-01,6.400000000000000000e+01,0.000000000000000000e+00,0.000000000000000000e+00,0.000000000000000000e+00
1.481170054158000000e+12,-1.691274791955947876e-01,-9.061058759689331055e-01,-3.827300369739532471e-01,6.400000000000000000e+01,0.000000000000000000e+00,0.000000000000000000e+00,0.000000000000000000e+00
1.481170054160000000e+12,-1.719191074371337891e-01,-9.072788953781127930e-01,-3.847001492977142334e-01,6.400000000000000000e+01,0.000000000000000000e+00,0.000000000000000000e+00,0.000000000000000000e+00
1.481170054170000000e+12,-1.691018491983413696e-01,-9.152222871780395508e-01,-3.931847214698791504e-01,6.400000000000000000e+01,0.000000000000000000e+00,0.000000000000000000e+00,0.000000000000000000e+00
1.481170054206000000e+12,-1.673052459955215454e-01,-9.216380715370178223e-01,-4.040249884128570557e-01,6.400000000000000000e+01,0.000000000000000000e+00,0.000000000000000000e+00,2.000000000000000000e+00
1.481170054211000000e+12,-1.675543040037155151e-01,-9.236999154090881348e-01,-4.148070216178894043e-01,6.400000000000000000e+01,0.000000000000000000e+00,0.000000000000000000e+00,2.000000000000000000e+00
1.481170054214000000e+12,-1.635594666004180908e-01,-9.173964858055114746e-01,-4.271602928638458252e-01,6.400000000000000000e+01,0.000000000000000000e+00,0.000000000000000000e+00,2.000000000000000000e+00
1.481170054228000000e+12,-1.516427546739578247e-01,-9.066082835197448730e-01,-4.416740536689758301e-01,6.400000000000000000e+01,0.000000000000000000e+00,0.000000000000000000e+00,2.000000000000000000e+00
1.481170054268000000e+12,-1.415834873914718628e-01,-9.043656587600708008e-01,-4.498157203197479248e-01,6.400000000000000000e+01,0.000000000000000000e+00,0.000000000000000000e+00,2.000000000000000000e+00
1.481170054270000000e+12,-1.471038609743118286e-01,-8.956978917121887207e-01,-4.464163780212402344e-01,6.400000000000000000e+01,0.000000000000000000e+00,0.000000000000000000e+00,2.000000000000000000e+00
1.481170054286000000e+12,-1.568490564823150635e-01,-8.772799372673034668e-01,-4.381487965583801270e-01,6.400000000000000000e+01,0.000000000000000000e+00,0.000000000000000000e+00,2.000000000000000000e+00
1.481170054293000000e+12,-1.566382795572280884e-01,-8.767958879470825195e-01,-4.265992045402526855e-01,6.400000000000000000e+01,0.000000000000000000e+00,0.000000000000000000e+00,2.000000000000000000e+00
1.481170054329000000e+12,-1.560452133417129517e-01,-8.972966670989990234e-01,-4.077358841896057129e-01,6.400000000000000000e+01,0.000000000000000000e+00,0.000000000000000000e+00,1.000000000000000000e+00
1.481170054334000000e+12,-1.617852151393890381e-01,-9.249424338340759277e-01,-3.879684209823608398e-01,6.400000000000000000e+01,0.000000000000000000e+00,0.000000000000000000e+00,1.000000000000000000e+00
1.481170054343000000e+12,-1.645150631666183472e-01,-9.427307248115539551e-01,-3.787805736064910889e-01,6.400000000000000000e+01,0.000000000000000000e+00,0.000000000000000000e+00,1.000000000000000000e+00
1.481170054390000000e+12,-1.639563143253326416e-01,-9.427053332328796387e-01,-3.811025619506835938e-01,6.400000000000000000e+01,0.000000000000000000e+00,0.000000000000000000e+00,1.000000000000000000e+00
1.481170054393000000e+12,-1.661217361688613892e-01,-9.356992244720458984e-01,-3.906725049018859863e-01,6.400000000000000000e+01,0.000000000000000000e+00,0.000000000000000000e+00,1.000000000000000000e+00
1.481170054396000000e+12,-1.686322987079620361e-01,-9.246982336044311523e-01,-4.052158296108245850e-01,6.400000000000000000e+01,0.000000000000000000e+00,0.000000000000000000e+00,1.000000000000000000e+00
1.481170054410000000e+12,-1.709205508232116699e-01,-9.118573069572448730e-01,-4.204015731811523438e-01,6.400000000000000000e+01,0.000000000000000000e+00,0.000000000000000000e+00,1.000000000000000000e+00
1.481170054452000000e+12,-1.731185317039489746e-01,-9.089984297752380371e-01,-4.291060864925384521e-01,6.400000000000000000e+01,0.000000000000000000e+00,0.000000000000000000e+00,1.000000000000000000e+00
1.481170054457000000e+12,-1.726337522268295288e-01,-9.141082763671875000e-01,-4.226368367671966553e-01,6.400000000000000000e+01,0.000000000000000000e+00,0.000000000000000000e+00,3.000000000000000000e+00
1.481170054461000000e+12,-1.724731177091598511e-01,-9.078827500343322754e-01,-4.069241285324096680e-01,6.400000000000000000e+01,0.000000000000000000e+00,0.000000000000000000e+00,3.000000000000000000e+00
1.481170054476000000e+12,-1.713204681873321533e-01,-8.970174789428710938e-01,-3.967731595039367676e-01,6.400000000000000000e+01,0.000000000000000000e+00,0.000000000000000000e+00,3.000000000000000000e+00
1.481170054515000000e+12,-1.655239462852478027e-01,-9.017030596733093262e-01,-3.939555883407592773e-01,6.400000000000000000e+01,0.000000000000000000e+00,0.000000000000000000e+00,3.000000000000000000e+00
1.481170054527000000e+12,-1.651272326707839966e-01,-9.008148908615112305e-01,-4.001695811748504639e-01,6.400000000000000000e+01,0.000000000000000000e+00,0.000000000000000000e+00,3.000000000000000000e+00
1.481170054527000000e+12,-1.710194796323776245e-01,-8.877674937248229980e-01,-4.112838804721832275e-01,6.400000000000000000e+01,0.000000000000000000e+00,0.000000000000000000e+00,3.000000000000000000e+00
1.481170054542000000e+12,-1.738836616277694702e-01,-8.968590497970581055e-01,-4.159063696861267090e-01,6.400000000000000000e+01,0.000000000000000000e+00,0.000000000000000000e+00,0.000000000000000000e+00
1.481170054575000000e+12,-1.717483103275299072e-01,-9.250184297561645508e-01,-4.106065928936004639e-01,6.400000000000000000e+01,0.000000000000000000e+00,0.000000000000000000e+00,0.000000000000000000e+00
1.481170054575000000e+12,-1.678000688552856445e-01,-9.392818212509155273e-01,-3.994648456573486328e-01,6.400000000000000000e+01,0.000000000000000000e+00,0.000000000000000000e+00,0.000000000000000000e+00
1.481170054583000000e+12,-1.653991490602493286e-01,-9.328590035438537598e-01,-3.901915550231933594e-01,6.400000000000000000e+01,0.000000000000000000e+00,0.000000000000000000e+00,0.000000000000000000e+00
1.481170054636000000e+12,-1.632279306650161743e-01,-9.170926213264465332e-01,-3.850480616092681885e-01,6.400000000000000000e+01,0.000000000000000000e+00,0.000000000000000000e+00,0.000000000000000000e+00
1.481170054636000000e+12,-1.643760204315185547e-01,-9.057599902153015137e-01,-3.818355202674865723e-01,6.400000000000000000e+01,0.000000000000000000e+00,0.000000000000000000e+00,0.000000000000000000e+00
1.481170054645000000e+12,-1.703519225120544434e-01,-9.058697223663330078e-01,-3.823432326316833496e-01,6.400000000000000000e+01,0.000000000000000000e+00,0.000000000000000000e+00,0.000000000000000000e+00
1.481170054658000000e+12,-1.726338565349578857e-01,-9.109527468681335449e-01,-3.902339339256286621e-01,6.400000000000000000e+01,0.000000000000000000e+00,0.000000000000000000e+00,0.000000000000000000e+00
1.481170054658000000e+12,-1.669635325670242310e-01,-9.143581986427307129e-01,-4.026816189289093018e-01,6.400000000000000000e+01,0.000000000000000000e+00,0.000000000000000000e+00,0.000000000000000000e+00
1.481170054698000000e+12,-1.618696302175521851e-01,-9.180248379707336426e-01,-4.140077233314514160e-01,6.400000000000000000e+01,0.000000000000000000e+00,0.000000000000000000e+00,2.000000000000000000e+00
1.481170054700000000e+12,-1.603808701038360596e-01,-9.204563498497009277e-01,-4.229934215545654297e-01,6.400000000000000000e+01,0.000000000000000000e+00,0.000000000000000000e+00,2.000000000000000000e+00
1.481170054709000000e+12,-1.547015756368637085e-01,-9.097358584403991699e-01,-4.342184364795684814e-01,6.400000000000000000e+01,0.000000000000000000e+00,0.000000000000000000e+00,2.000000000000000000e+00
1.481170054725000000e+12,-1.467042416334152222e-01,-9.074481725692749023e-01,-4.487089812755584717e-01,6.400000000000000000e+01,0.000000000000000000e+00,0.000000000000000000e+00,2.000000000000000000e+00
1.481170054759000000e+12,-1.446887850761413574e-01,-9.172846674919128418e-01,-4.596322774887084961e-01,6.400000000000000000e+01,0.000000000000000000e+00,0.000000000000000000e+00,2.000000000000000000e+00
1.481170054762000000e+12,-1.492711752653121948e-01,-9.039530754089355469e-01,-4.647209048271179199e-01,6.400000000000000000e+01,0.000000000000000000e+00,0.000000000000000000e+00,2.000000000000000000e+00
1.481170054774000000e+12,-1.529082953929901123e-01,-8.909268379211425781e-01,-4.562756717205047607e-01,6.400000000000000000e+01,0.000000000000000000e+00,0.000000000000000000e+00,1.000000000000000000e+00
1.481170054820000000e+12,-1.580826640129089355e-01,-8.982145786285400391e-01,-4.245364964008331299e-01,6.400000000000000000e+01,0.000000000000000000e+00,0.000000000000000000e+00,1.000000000000000000e+00
1.481170054822000000e+12,-1.708046346902847290e-01,-9.122298359870910645e-01,-3.852583467960357666e-01,6.400000000000000000e+01,0.000000000000000000e+00,0.000000000000000000e+00,1.000000000000000000e+00
1.481170054825000000e+12,-1.769861876964569092e-01,-9.287596940994262695e-01,-3.665881752967834473e-01,6.400000000000000000e+01,0.000000000000000000e+00,0.000000000000000000e+00,1.000000000000000000e+00
1.481170054840000000e+12,-1.682961136102676392e-01,-9.431573152542114258e-01,-3.789420723915100098e-01,6.400000000000000000e+01,0.000000000000000000e+00,0.000000000000000000e+00,1.000000000000000000e+00
1.481170054881000000e+12,-1.538926213979721069e-01,-9.546228051185607910e-01,-4.109637141227722168e-01,6.400000000000000000e+01,0.000000000000000000e+00,0.000000000000000000e+00,1.000000000000000000e+00
1.481170054884000000e+12,-1.417360156774520874e-01,-9.585179686546325684e-01,-4.611221253871917725e-01,6.400000000000000000e+01,0.000000000000000000e+00,0.000000000000000000e+00,1.000000000000000000e+00
1.481170054890000000e+12,-1.236773356795310974e-01,-9.529591202735900879e-01,-5.480068325996398926e-01,6.400000000000000000e+01,0.000000000000000000e+00,0.000000000000000000e+00,1.000000000000000000e+00
1.481170054906000000e+12,-8.904889971017837524e-02,-9.425820708274841309e-01,-6.514741182327270508e-01,6.400000000000000000e+01,0.000000000000000000e+00,0.000000000000000000e+00,1.000000000000000000e+00
1.481170054943000000e+12,-5.504944175481796265e-02,-9.180328249931335449e-01,-7.203173637390136719e-01,6.400000000000000000e+01,0.000000000000000000e+00,0.000000000000000000e+00,3.000000000000000000e+00
1.481170054947000000e+12,-4.341648519039154053e-02,-8.814571499824523926e-01,-7.453398704528808594e-01,6.400000000000000000e+01,0.000000000000000000e+00,0.000000000000000000e+00,3.000000000000000000e+00
1.481170054958000000e+12,-5.040011182427406311e-02,-8.561275005340576172e-01,-7.390817403793334961e-01,6.400000000000000000e+01,0.000000000000000000e+00,0.000000000000000000e+00,3.000000000000000000e+00
1.481170055004000000e+12,-6.559673696756362915e-02,-8.315228819847106934e-01,-7.147916555404663086e-01,6.400000000000000000e+01,0.000000000000000000e+00,0.000000000000000000e+00,3.000000000000000000e+00
1.481170055010000000e+12,-8.710112422704696655e-02,-7.636067271232604980e-01,-6.860419511795043945e-01,0.000000000000000000e+00,0.000000000000000000e+00,0.000000000000000000e+00,3.000000000000000000e+00
1.481170055010000000e+12,-1.006553918123245239e-01,-6.409834027290344238e-01,-6.553362011909484863e-01,0.000000000000000000e+00,0.000000000000000000e+00,0.000000000000000000e+00,3.000000000000000000e+00
1.481170055025000000e+12,-8.462893217802047729e-02,-6.068427562713623047e-01,-6.286206245422363281e-01,0.000000000000000000e+00,0.000000000000000000e+00,0.000000000000000000e+00,3.000000000000000000e+00
1.481170055067000000e+12,-7.250190526247024536e-02,-6.737735867500305176e-01,-6.093615293502807617e-01,0.000000000000000000e+00,0.000000000000000000e+00,0.000000000000000000e+00,3.000000000000000000e+00
1.481170055067000000e+12,-9.095662087202072144e-02,-6.211019158363342285e-01,-6.006700992584228516e-01,0.000000000000000000e+00,0.000000000000000000e+00,0.000000000000000000e+00,3.000000000000000000e+00
1.481170055083000000e+12,-8.986073732376098633e-02,-5.430558919906616211e-01,-5.775666236877441406e-01,0.000000000000000000e+00,0.000000000000000000e+00,0.000000000000000000e+00,3.000000000000000000e+00
1.481170055091000000e+12,-7.045815885066986084e-02,-5.540234446525573730e-01,-5.190320611000061035e-01,0.000000000000000000e+00,0.000000000000000000e+00,0.000000000000000000e+00,3.000000000000000000e+00
1.481170055091000000e+12,-6.986419111490249634e-02,-5.427823066711425781e-01,-4.485731422901153564e-01,0.000000000000000000e+00,0.000000000000000000e+00,0.000000000000000000e+00,3.000000000000000000e+00
1.481170055130000000e+12,-7.973605394363403320e-02,-5.696075558662414551e-01,-3.756638169288635254e-01,0.000000000000000000e+00,0.000000000000000000e+00,0.000000000000000000e+00,3.000000000000000000e+00
1.481170055139000000e+12,-1.068712025880813599e-01,-6.818501949310302734e-01,-3.409793376922607422e-01,0.000000000000000000e+00,0.000000000000000000e+00,0.000000000000000000e+00,3.000000000000000000e+00
1.481170055139000000e+12,-1.532327383756637573e-01,-7.964132428169250488e-01,-3.869918882846832275e-01,0.000000000000000000e+00,0.000000000000000000e+00,0.000000000000000000e+00,3.000000000000000000e+00
1.481170055190000000e+12,-1.890974193811416626e-01,-8.874515891075134277e-01,-4.584187567234039307e-01,0.000000000000000000e+00,0.000000000000000000e+00,0.000000000000000000e+00,1.000000000000000000e+00
1.481170055193000000e+12,-2.013791352510452271e-01,-9.879297614097595215e-01,-4.883689880371093750e-01,0.000000000000000000e+00,0.000000000000000000e+00,0.000000000000000000e+00,1.000000000000000000e+00
1.481170055193000000e+12,-2.041196078062057495e-01,-1.076945185661315918e+00,-4.736728370189666748e-01,0.000000000000000000e+00,0.000000000000000000e+00,0.000000000000000000e+00,1.000000000000000000e+00
1.481170055207000000e+12,-2.174480259418487549e-01,-1.128537535667419434e+00,-4.562501907348632812e-01,0.000000000000000000e+00,0.000000000000000000e+00,0.000000000000000000e+00,1.000000000000000000e+00
1.481170055250000000e+12,-2.394623607397079468e-01,-1.145756602287292480e+00,-4.769402444362640381e-01,0.000000000000000000e+00,0.000000000000000000e+00,0.000000000000000000e+00,1.000000000000000000e+00
1.481170055252000000e+12,-2.457567155361175537e-01,-1.112841010093688965e+00,-5.259401798248291016e-01,0.000000000000000000e+00,0.000000000000000000e+00,0.000000000000000000e+00,1.000000000000000000e+00
1.481170055255000000e+12,-2.312403321266174316e-01,-1.038033604621887207e+00,-5.604478120803833008e-01,0.000000000000000000e+00,0.000000000000000000e+00,0.000000000000000000e+00,1.000000000000000000e+00
1.481170055272000000e+12,-2.084898054599761963e-01,-9.574136734008789062e-01,-5.653638243675231934e-01,0.000000000000000000e+00,0.000000000000000000e+00,0.000000000000000000e+00,1.000000000000000000e+00
1.481170055311000000e+12,-1.847875863313674927e-01,-9.038300514221191406e-01,-5.595670938491821289e-01,0.000000000000000000e+00,0.000000000000000000e+00,0.000000000000000000e+00,1.000000000000000000e+00
1.481170055317000000e+12,-1.604813784360885620e-01,-8.780815005302429199e-01,-5.590615272521972656e-01,0.000000000000000000e+00,0.000000000000000000e+00,0.000000000000000000e+00,1.000000000000000000e+00
1.481170055321000000e+12,-1.323776096105575562e-01,-8.605199456214904785e-01,-5.748052000999450684e-01,0.000000000000000000e+00,0.000000000000000000e+00,0.000000000000000000e+00,1.000000000000000000e+00
1.481170055339000000e+12,-1.033840328454971313e-01,-8.415712118148803711e-01,-6.107770204544067383e-01,0.000000000000000000e+00,0.000000000000000000e+00,0.000000000000000000e+00,1.000000000000000000e+00
1.481170055373000000e+12,-7.584148645401000977e-02,-8.196303844451904297e-01,-6.531153321266174316e-01,0.000000000000000000e+00,0.000000000000000000e+00,0.000000000000000000e+00,3.000000000000000000e+00
1.481170055377000000e+12,-5.026562511920928955e-02,-7.902036905288696289e-01,-6.839388012886047363e-01,0.000000000000000000e+00,0.000000000000000000e+00,0.000000000000000000e+00,3.000000000000000000e+00
1.481170055390000000e+12,-3.440539911389350891e-02,-7.582442164421081543e-01,-6.964567899703979492e-01,0.000000000000000000e+00,0.000000000000000000e+00,0.000000000000000000e+00,3.000000000000000000e+00
1.481170055436000000e+12,-2.796426415443420410e-02,-7.293521761894226074e-01,-7.013956308364868164e-01,0.000000000000000000e+00,0.000000000000000000e+00,0.000000000000000000e+00,3.000000000000000000e+00
1.481170055438000000e+12,-1.976626180112361908e-02,-6.924265027046203613e-01,-7.153268456459045410e-01,0.000000000000000000e+00,0.000000000000000000e+00,0.000000000000000000e+00,3.000000000000000000e+00
1.481170055441000000e+12,-8.208686485886573792e-03,-6.526368856430053711e-01,-7.408844828605651855e-01,0.000000000000000000e+00,0.000000000000000000e+00,0.000000000000000000e+00,3.000000000000000000e+00
1.481170055455000000e+12,-2.137528732419013977e-03,-6.307142376899719238e-01,-7.688440680503845215e-01,0.000000000000000000e+00,0.000000000000000000e+00,0.000000000000000000e+00,3.000000000000000000e+00
1.481170055496000000e+12,-3.586663166061043739e-03,-6.258345246315002441e-01,-7.912907600402832031e-01,0.000000000000000000e+00,0.000000000000000000e+00,0.000000000000000000e+00,3.000000000000000000e+00
1.481170055509000000e+12,-5.770080257207155228e-03,-6.267887949943542480e-01,-8.038865327835083008e-01,0.000000000000000000e+00,0.000000000000000000e+00,0.000000000000000000e+00,3.000000000000000000e+00
1.481170055511000000e+12,-7.273016031831502914e-03,-6.313448548316955566e-01,-8.101618289947509766e-01,0.000000000000000000e+00,0.000000000000000000e+00,0.000000000000000000e+00,3.000000000000000000e+00
1.481170055523000000e+12,-9.949502535164356232e-03,-6.360224485397338867e-01,-8.196336627006530762e-01,0.000000000000000000e+00,0.000000000000000000e+00,0.000000000000000000e+00,3.000000000000000000e+00
1.481170055523000000e+12,-1.161643490195274353e-02,-6.349135637283325195e-01,-8.283374905586242676e-01,0.000000000000000000e+00,0.000000000000000000e+00,0.000000000000000000e+00,3.000000000000000000e+00
1.481170055557000000e+12,-1.787554472684860229e-02,-6.318534016609191895e-01,-8.211430311203002930e-01,0.000000000000000000e+00,0.000000000000000000e+00,0.000000000000000000e+00,3.000000000000000000e+00
1.481170055572000000e+12,-3.190798684954643250e-02,-6.199538111686706543e-01,-8.050633072853088379e-01,0.000000000000000000e+00,0.000000000000000000e+00,0.000000000000000000e+00,3.000000000000000000e+00
1.481170055572000000e+12,-4.373267665505409241e-02,-5.892403125762939453e-01,-8.049851059913635254e-01,0.000000000000000000e+00,0.000000000000000000e+00,0.000000000000000000e+00,3.000000000000000000e+00
1.481170055619000000e+12,-5.252214148640632629e-02,-5.493637919425964355e-01,-8.248170614242553711e-01,0.000000000000000000e+00,0.000000000000000000e+00,0.000000000000000000e+00,3.000000000000000000e+00
1.481170055623000000e+12,-5.678041279315948486e-02,-5.149366259574890137e-01,-8.482764363288879395e-01,0.000000000000000000e+00,0.000000000000000000e+00,0.000000000000000000e+00,3.000000000000000000e+00
1.481170055623000000e+12,-5.002782866358757019e-02,-5.053411126136779785e-01,-8.581299781799316406e-01,0.000000000000000000e+00,0.000000000000000000e+00,0.000000000000000000e+00,3.000000000000000000e+00
1.481170055639000000e+12,-4.134086519479751587e-02,-5.265637636184692383e-01,-8.490462303161621094e-01,0.000000000000000000e+00,0.000000000000000000e+00,0.000000000000000000e+00,3.000000000000000000e+00
1.481170055680000000e+12,-3.672549873590469360e-02,-5.812534689903259277e-01,-8.403550386428833008e-01,0.000000000000000000e+00,0.000000000000000000e+00,0.000000000000000000e+00,3.000000000000000000e+00
1.481170055680000000e+12,-9.840241633355617523e-03,-6.903132796287536621e-01,-8.446185588836669922e-01,0.000000000000000000e+00,0.000000000000000000e+00,0.000000000000000000e+00,3.000000000000000000e+00
1.481170055688000000e+12,2.724915929138660431e-02,-7.620440125465393066e-01,-8.366357088088989258e-01,0.000000000000000000e+00,0.000000000000000000e+00,0.000000000000000000e+00,3.000000000000000000e+00
